Period,Accounts,Category,Subcategory,Note,EUR,Income/Expense,Description,Amount,Currency,Accounts
05/05/2025,RevolutSaving,Revolut,,,183.21,Transfer-In,,183.21,EUR,183.21
05/05/2025,Revolut,RevolutSaving,,,183.21,Transfer-Out,,183.21,EUR,183.21
05/05/2025,Revolut,Other,,,183.21,Income,Pcc,183.21,EUR,183.21
05/05/2025,Revolut,Other,,,230,Income,Pcc handling,230,EUR,230
05/05/2025,Swedbank Saving,Swedbank,,,33.3,Transfer-In,,33.3,EUR,33.3
05/05/2025,Swedbank,Swedbank Saving,,,33.3,Transfer-Out,,33.3,EUR,33.3
04/05/2025,Revolut,ğŸš– Transport,,,3.79,Exp.,Maxima spark,3.79,EUR,3.79
04/05/2025,Revolut,ğŸš– Transport,,Bolt Scooter,0.95,Exp.,,0.95,EUR,0.95
04/05/2025,Swedbank,ğŸª‘ Household,,Rent May,250,Exp.,,250,EUR,250
04/05/2025,Swedbank,ğŸ›’ Grocery ,,,3.36,Exp.,,3.36,EUR,3.36
04/05/2025,Swedbank,ğŸš¬ Smoke,,,5.5,Exp.,,5.5,EUR,5.5
04/05/2025,Swedbank,Subscription ,,Adobe,19.66,Exp.,,19.66,EUR,19.66
02/05/2025,Swedbank,ğŸš¬ Smoke,,Vape,10.84,Exp.,,10.84,EUR,10.84
02/05/2025,Swedbank,ğŸ’„ Beauty,,,92,Exp.,Perfume,92,EUR,92
02/05/2025,Swedbank,ğŸš¬ Smoke,,,5.5,Exp.,,5.5,EUR,5.5
01/05/2025,Revolut,ğŸ¿ Food/Snacks,,,11.5,Exp.,Cv parkas,11.5,EUR,11.5
01/05/2025,Swedbank,ğŸ›’ Grocery ,,,2.94,Exp.,,2.94,EUR,2.94
01/05/2025,Swedbank,ğŸ›’ Grocery ,,,5.42,Exp.,,5.42,EUR,5.42
30/04/2025,Swedbank,ğŸ’° Salary,,Cybercare,574.52,Income,April,574.52,EUR,574.52
30/04/2025,Revolut,Subscription ,,Mobile Bill,20.69,Exp.,,20.69,EUR,20.69
30/04/2025,Revolut,ğŸ Gift,,,5.5,Exp.,Lukas birthday,5.5,EUR,5.5
30/04/2025,Revolut,ğŸš¬ Smoke,,,5.5,Exp.,,5.5,EUR,5.5
30/04/2025,Revolut,ğŸ­Treats,,,6.78,Exp.,Msyomi,6.78,EUR,6.78
30/04/2025,Revolut,ğŸš– Transport,,,7.26,Exp.,Fahadbhsi,7.26,EUR,7.26
29/04/2025,Revolut,ğŸ¿ Food/Snacks,,Snukutis,9,Exp.,,9,EUR,9
29/04/2025,Revolut,ğŸ¹ Party and Beer,,Snukutis,7,Exp.,,7,EUR,7
29/04/2025,Revolut,ğŸ¿ Food/Snacks,,Cybercare,6.7,Exp.,,6.7,EUR,6.7
28/04/2025,Revolut,ğŸ¿ Food/Snacks,,,9.4,Exp.,Å altibarche,9.4,EUR,9.4
28/04/2025,Revolut,ğŸš¬ Smoke,,,5.5,Exp.,,5.5,EUR,5.5
27/04/2025,Revolut,ğŸ¿ Food/Snacks,,,7.39,Exp.,Ula house search,7.39,EUR,7.39
26/04/2025,Revolut,ğŸš¬ Smoke,,,6.4,Exp.,,6.4,EUR,6.4
25/04/2025,Swedbank Saving,Other,,Balancing,1.05,Income,,1.05,EUR,1.05
25/04/2025,Swedbank,Swedbank Saving,,,31.17,Transfer-In,,31.17,EUR,31.17
25/04/2025,Swedbank Saving,Swedbank,,,31.17,Transfer-Out,,31.17,EUR,31.17
25/04/2025,Revolut,ğŸ§˜ğŸ¼ Health,,,0.39,Exp.,,0.39,EUR,0.39
25/04/2025,Revolut,ğŸš– Transport,,Public Transportation,5.85,Exp.,,5.85,EUR,5.85
25/04/2025,Revolut,ğŸ¿ Food/Snacks,,,5.14,Exp.,,5.14,EUR,5.14
25/04/2025,Revolut,ğŸ«¶ğŸ½ MaÅ¾utÄ—,,Insurance,21.64,Exp.,,21.64,EUR,21.64
25/04/2025,Revolut,ğŸ›’ Grocery ,,,7.47,Exp.,,7.47,EUR,7.47
24/04/2025,Swedbank,ğŸš– Transport,,,4,Exp.,Ieva birthday,4,EUR,4
24/04/2025,Swedbank Saving,RevolutSaving,,,180,Transfer-In,,180,EUR,180
24/04/2025,RevolutSaving,Swedbank Saving,,,180,Transfer-Out,,180,EUR,180
24/04/2025,Revolut,ğŸš– Transport,,,4.2,Exp.,Ieva birthdya,4.2,EUR,4.2
24/04/2025,Revolut,ğŸ¹ Party and Beer,,,7,Exp.,Ieva birthday,7,EUR,7
23/04/2025,Swedbank,ğŸ¹ Party and Beer,,,23.39,Exp.,,23.39,EUR,23.39
23/04/2025,Swedbank,ğŸ›’ Grocery ,,,14.28,Exp.,,14.28,EUR,14.28
23/04/2025,Revolut,ğŸ‘¬ğŸ» Social Life,,,7.78,Exp.,Birthday Ieva,7.78,EUR,7.78
23/04/2025,Revolut,ğŸš¬ Smoke,,Vape Juice,6.49,Exp.,,6.49,EUR,6.49
23/04/2025,Revolut,ğŸ¿ Food/Snacks,,Cybercare,7.2,Exp.,,7.2,EUR,7.2
22/04/2025,Revolut,ğŸ¹ Party and Beer,,Snukutis,13,Exp.,,13,EUR,13
22/04/2025,Revolut,ğŸš¬ Smoke,,,5.5,Exp.,,5.5,EUR,5.5
21/04/2025,Revolut,ğŸ›’ Grocery ,,,11.06,Exp.,,11.06,EUR,11.06
21/04/2025,Revolut,ğŸ¿ Food/Snacks,,Cybercare,3.14,Exp.,,3.14,EUR,3.14
21/04/2025,Revolut,ğŸš– Transport,,Cybercare,3.96,Exp.,,3.96,EUR,3.96
20/04/2025,Revolut,ğŸš¬ Smoke,,,11.9,Exp.,,11.9,EUR,11.9
19/04/2025,Revolut,ğŸª‘ Household,,,10.5,Exp.,,10.5,EUR,10.5
19/04/2025,Revolut,ğŸ›’ Grocery ,,,13.37,Exp.,,13.37,EUR,13.37
18/04/2025,Swedbank,ğŸš¬ Smoke,,,5.5,Exp.,,5.5,EUR,5.5
18/04/2025,Revolut,ğŸ«¶ğŸ½ MaÅ¾utÄ—,,,5,Exp.,Sourov to go to abdoo,5,EUR,5
18/04/2025,Revolut,ğŸ¿ Food/Snacks,,,21.08,Exp.,Eating out with dpt friend,21.08,EUR,21.08
18/04/2025,RevolutSaving,Swedbank Saving,,,97,Transfer-In,,97,EUR,97
18/04/2025,Swedbank Saving,RevolutSaving,,,97,Transfer-Out,,97,EUR,97
18/04/2025,Revolut,RevolutSaving,,,5,Transfer-In,,5,EUR,5
18/04/2025,RevolutSaving,Revolut,,,5,Transfer-Out,,5,EUR,5
17/04/2025,Revolut,ğŸ¿ Food/Snacks,,Class lunch,2.39,Exp.,,2.39,EUR,2.39
17/04/2025,Revolut,ğŸ… Bonus,,Hackathon,100,Income,,100,EUR,100
16/04/2025,Revolut,Other,,Balancing,14.27,Income,,14.27,EUR,14.27
16/04/2025,Revolut,RevolutSaving,,,20.58,Transfer-In,,20.58,EUR,20.58
16/04/2025,RevolutSaving,Revolut,,,20.58,Transfer-Out,,20.58,EUR,20.58
16/04/2025,Swedbank Saving,Swedbank,,,43.21,Transfer-In,,43.21,EUR,43.21
16/04/2025,Swedbank,Swedbank Saving,,,43.21,Transfer-Out,,43.21,EUR,43.21
15/04/2025,Swedbank,ğŸ¿ Food/Snacks,,,7.5,Exp.,Memo kebab,7.5,EUR,7.5
15/04/2025,Swedbank,ğŸ¹ Party and Beer,,,7,Exp.,Snekutis,7,EUR,7
15/04/2025,Swedbank,ğŸš¬ Smoke,,,6.4,Exp.,,6.4,EUR,6.4
15/04/2025,Swedbank,ğŸ«¶ğŸ½ MaÅ¾utÄ—,,Parking,24.5,Exp.,,24.5,EUR,24.5
15/04/2025,Swedbank,ğŸ‡±ğŸ‡¹ Life,,Tax,27.91,Exp.,,27.91,EUR,27.91
15/04/2025,Swedbank,ğŸš¦Violation,,Parking,40,Exp.,,40,EUR,40
15/04/2025,Swedbank,ğŸ’° Salary,,Cybercare,252,Income,,252,EUR,252
15/04/2025,Swedbank,Other,,Adobe,10,Income,,10,EUR,10
14/04/2025,Swedbank,ğŸš¬ Smoke,,Vape Juice,4.99,Exp.,Juice,4.99,EUR,4.99
13/04/2025,Swedbank,ğŸª‘ Household,,,15.98,Exp.,Pan and knife,15.98,EUR,15.98
13/04/2025,Swedbank,ğŸ›’ Grocery ,,,2.65,Exp.,,2.65,EUR,2.65
13/04/2025,Swedbank,ğŸš– Transport,,Bolt Scooter,2.79,Exp.,,2.79,EUR,2.79
13/04/2025,Swedbank,Subscription ,,Bank Fee,1.3,Exp.,,1.3,EUR,1.3
12/04/2025,Swedbank,ğŸ’„ Beauty,,Haircut,15.5,Exp.,,15.5,EUR,15.5
12/04/2025,Swedbank,ğŸ§˜ğŸ¼ Health,,Medicine,9.13,Exp.,,9.13,EUR,9.13
12/04/2025,Swedbank,ğŸ¹ Party and Beer,,,20.8,Exp.,Weekend drink,20.8,EUR,20.8
12/04/2025,Swedbank,ğŸš¬ Smoke,,,5.5,Exp.,,5.5,EUR,5.5
12/04/2025,Swedbank,ğŸ›’ Grocery ,,,8.58,Exp.,,8.58,EUR,8.58
09/04/2025,Revolut,ğŸ«¶ğŸ½ MaÅ¾utÄ—,,Service,50,Exp.,Towing,50,EUR,50
09/04/2025,Revolut,ğŸ¿ Food/Snacks,,,12,Exp.,Hackathon Competition,12,EUR,12
09/04/2025,Revolut,ğŸ’¼ Cybercare,,Bolt Taxi,8.4,Exp.,,8.4,EUR,8.4
09/04/2025,Revolut,RevolutSaving,,,50,Transfer-In,,50,EUR,50
09/04/2025,RevolutSaving,Revolut,,,50,Transfer-Out,,50,EUR,50
08/04/2025,Revolut,ğŸ’¼ Cybercare,,Lunch,6.5,Exp.,,6.5,EUR,6.5
07/04/2025,Revolut,ğŸ›’ Grocery ,,,13.27,Exp.,,13.27,EUR,13.27
07/04/2025,Revolut,ğŸš¬ Smoke,,Vape Juice,4.99,Exp.,,4.99,EUR,4.99
07/04/2025,Revolut,Sourov,,,18.11,Transfer-In,,18.11,EUR,18.11
07/04/2025,Sourov,Revolut,,,18.11,Transfer-Out,,18.11,EUR,18.11
07/04/2025,Revolut,ğŸš¬ Smoke,,,5.5,Exp.,,5.5,EUR,5.5
07/04/2025,Revolut,ğŸ’¼ Cybercare,,Lunch,1.85,Exp.,,1.85,EUR,1.85
06/04/2025,Revolut,ğŸ’¼ Cybercare,,Lunch,1.49,Exp.,,1.49,EUR,1.49
06/04/2025,Revolut,Sourov,,,4.53,Transfer-In,,4.53,EUR,4.53
06/04/2025,Sourov,Revolut,,,4.53,Transfer-Out,,4.53,EUR,4.53
05/04/2025,Swedbank,ğŸ¿ Food/Snacks,,Class lunch,6.4,Exp.,Jammi,6.4,EUR,6.4
05/04/2025,Swedbank,Subscription ,,Adobe,19.66,Exp.,,19.66,EUR,19.66
05/04/2025,Revolut,ğŸ’¼ Cybercare,,Lunch,2.3,Exp.,,2.3,EUR,2.3
04/04/2025,Revolut,âš™ï¸ Gears/Equipments,,Instruments,235.2,Exp.,,235.2,EUR,235.2
04/04/2025,Revolut,RevolutSaving,,,235.2,Transfer-In,,235.2,EUR,235.2
04/04/2025,RevolutSaving,Revolut,,,235.2,Transfer-Out,,235.2,EUR,235.2
03/04/2025,Swedbank,ğŸ’¼ Cybercare,,Lunch,7.2,Exp.,,7.2,EUR,7.2
03/04/2025,Revolut,Freelancing,,Andrii,9.75,Income,,9.75,EUR,9.75
02/04/2025,Swedbank,Other,,Balancing,5.77,Income,Rent loan 6,5.77,EUR,5.77
02/04/2025,Swedbank Saving,Swedbank,,,100,Transfer-In,,100,EUR,100
02/04/2025,Swedbank,Swedbank Saving,,,100,Transfer-Out,,100,EUR,100
02/04/2025,Cash,ğŸª‘ Household,,Rent April,252,Exp.,,252,EUR,252
02/04/2025,Swedbank,Cash,,,10,Transfer-In,Rent,10,EUR,10
02/04/2025,Cash,Swedbank,,,10,Transfer-Out,Rent,10,EUR,10
02/04/2025,RevolutSaving,Revolut,,,611,Transfer-In,,611,EUR,611
02/04/2025,Revolut,RevolutSaving,,,611,Transfer-Out,,611,EUR,611
02/04/2025,Swedbank,ğŸ¿ Food/Snacks,,,6,Exp.,Mulo,6,EUR,6
02/04/2025,Sourov,Swedbank,,,44.53,Transfer-In,,44.53,EUR,44.53
02/04/2025,Swedbank,Sourov,,,44.53,Transfer-Out,,44.53,EUR,44.53
02/04/2025,Swedbank,Revolut,,,29.09,Transfer-In,,29.09,EUR,29.09
02/04/2025,Revolut,Swedbank,,,29.09,Transfer-Out,,29.09,EUR,29.09
02/04/2025,Swedbank,ğŸ‘¬ğŸ» Social Life,,Quiz,9,Exp.,,9,EUR,9
02/04/2025,Revolut,ğŸ‘¬ğŸ» Social Life,,Quiz,9,Exp.,,9,EUR,9
02/04/2025,Bolt,Revolut,,,27,Transfer-In,,27,EUR,27
02/04/2025,Revolut,Bolt,,,27,Transfer-Out,,27,EUR,27
02/04/2025,Golam Rabbi,Revolut,,,50,Transfer-In,Zivele,50,EUR,50
02/04/2025,Revolut,Golam Rabbi,,,50,Transfer-Out,Zivele,50,EUR,50
02/04/2025,Revolut,Other,,Prius Car,1000,Income,,1000,EUR,1000
02/04/2025,Neste Fuel,ğŸ«¶ğŸ½ MaÅ¾utÄ—,,Fuel,72.97,Exp.,,72.97,EUR,72.97
01/04/2025,Swedbank Saving,Swedbank,,,2.14,Transfer-In,,2.14,EUR,2.14
01/04/2025,Swedbank,Swedbank Saving,,,2.14,Transfer-Out,,2.14,EUR,2.14
01/04/2025,Swedbank,ğŸ’¼ Cybercare,,Lunch,3.4,Exp.,,3.4,EUR,3.4
01/04/2025,Swedbank,ğŸ¿ Food/Snacks,,,4.5,Exp.,Cake after office,4.5,EUR,4.5
01/04/2025,Swedbank,ğŸš¬ Smoke,,Vape Juice,7.14,Exp.,,7.14,EUR,7.14
01/04/2025,Swedbank,ğŸ¿ Food/Snacks,,,4.51,Exp.,Jammi,4.51,EUR,4.51
01/04/2025,Swedbank,ğŸ­Treats,,,5.31,Exp.,Fei,5.31,EUR,5.31
31/03/2025,Swedbank Saving,Swedbank,,,1.01,Transfer-In,,1.01,EUR,1.01
31/03/2025,Swedbank,Swedbank Saving,,,1.01,Transfer-Out,,1.01,EUR,1.01
31/03/2025,Revolut,Freelancing,,,20,Income,Pcc,20,EUR,20
31/03/2025,Swedbank,ğŸ«¶ğŸ½ MaÅ¾utÄ—,,Parking,8.5,Exp.,,8.5,EUR,8.5
31/03/2025,Swedbank,ğŸ«¶ğŸ½ MaÅ¾utÄ—,,Insurance,21.64,Exp.,,21.64,EUR,21.64
31/03/2025,Swedbank,Subscription ,,Mobile Bill,20.85,Exp.,,20.85,EUR,20.85
31/03/2025,Neste Fuel,Revolut,,,75,Transfer-In,,75,EUR,75
31/03/2025,Revolut,Neste Fuel,,,75,Transfer-Out,,75,EUR,75
31/03/2025,Golam Rabbi,Revolut,,,30,Transfer-In,Mitu apu,30,EUR,30
31/03/2025,Revolut,Golam Rabbi,,,30,Transfer-Out,Mitu apu,30,EUR,30
31/03/2025,Golam Rabbi,Revolut,,,20,Transfer-In,Fahad bhai,20,EUR,20
31/03/2025,Revolut,Golam Rabbi,,,20,Transfer-Out,Fahad bhai,20,EUR,20
31/03/2025,Revolut,Swedbank,,,139.2,Transfer-In,,139.2,EUR,139.2
31/03/2025,Swedbank,Revolut,,,139.2,Transfer-Out,,139.2,EUR,139.2
31/03/2025,Swedbank,ğŸ’° Salary,,,540.45,Income,,540.45,EUR,540.45
31/03/2025,Swedbank Saving,Swedbank,,,0.01,Transfer-In,,0.01,EUR,0.01
31/03/2025,Swedbank,Swedbank Saving,,,0.01,Transfer-Out,,0.01,EUR,0.01
31/03/2025,Swedbank,ğŸ­Treats,,,0.99,Exp.,Gabriele kinder,0.99,EUR,0.99
31/03/2025,Swedbank Saving,Swedbank,,,10,Transfer-In,,10,EUR,10
31/03/2025,Swedbank,Swedbank Saving,,,10,Transfer-Out,,10,EUR,10
31/03/2025,Cash,Swedbank,,,252,Transfer-In,Rent,252,EUR,252
31/03/2025,Swedbank,Cash,,,252,Transfer-Out,Rent,252,EUR,252
30/03/2025,Revolut,ğŸ’¼ Cybercare,,Lunch,2.99,Exp.,,2.99,EUR,2.99
30/03/2025,Revolut,ğŸš¬ Smoke,,,5.5,Exp.,,5.5,EUR,5.5
28/03/2025,Revolut,ğŸ›’ Grocery ,,,7.71,Exp.,Rimi,7.71,EUR,7.71
28/03/2025,Revolut,ğŸš¬ Smoke,,,14.34,Exp.,Juice and coil,14.34,EUR,14.34
28/03/2025,Revolut,ğŸ’µ Petty cash,,,2.99,Income,Refund apple,2.99,EUR,2.99
28/03/2025,Revolut,ğŸ’¼ Cybercare,,Lunch,1.79,Exp.,,1.79,EUR,1.79
27/03/2025,Revolut,ğŸ’µ Petty cash,,,2.75,Income,Sourov return dawat nihal,2.75,EUR,2.75
27/03/2025,Revolut,ğŸ’¼ Cybercare,,Lunch,1.79,Exp.,,1.79,EUR,1.79
26/03/2025,Revolut,Other,,,10,Income,Pcc euro,10,EUR,10
26/03/2025,Revolut,ğŸ¿ Food/Snacks,,,8.4,Exp.,Iftar Jammi,8.4,EUR,8.4
26/03/2025,Revolut,ğŸ‘¬ğŸ» Social Life,,,3,Exp.,Quiz,3,EUR,3
26/03/2025,Revolut,ğŸ¿ Food/Snacks,,,4.95,Exp.,Deveti,4.95,EUR,4.95
26/03/2025,Swedbank,Other,,Balancing,2,Exp.,,2,EUR,2
26/03/2025,Revolut,Other,,Balancing,0.73,Exp.,,0.73,EUR,0.73
26/03/2025,Revolut,Other,,,220.13,Income,Euro and PCC,220.13,EUR,220.13
26/03/2025,Revolut,â¤ï¸ Pori,,,10,Exp.,Bolt car Shahman Loan Repay,10,EUR,10
26/03/2025,Golam Rabbi,Revolut,,,20,Transfer-In,Mitu Loan,20,EUR,20
26/03/2025,Revolut,Golam Rabbi,,,20,Transfer-Out,Mitu Loan,20,EUR,20
26/03/2025,Golam Rabbi,Revolut,,,8,Transfer-In,Fahim Loan Pay,8,EUR,8
26/03/2025,Revolut,Golam Rabbi,,,8,Transfer-Out,Fahim Loan Pay,8,EUR,8
25/03/2025,Neste Fuel,ğŸ«¶ğŸ½ MaÅ¾utÄ—,,Fuel,31.85,Exp.,,31.85,EUR,31.85
25/03/2025,Revolut,ğŸ­Treats,,,2.74,Exp.,Iftar Nihal,2.74,EUR,2.74
24/03/2025,Neste Fuel,Revolut,,,30,Transfer-In,,30,EUR,30
24/03/2025,Revolut,Neste Fuel,,,30,Transfer-Out,,30,EUR,30
24/03/2025,Revolut,ğŸš¬ Smoke,,Vape Juice,6,Exp.,Vape Juice,6,EUR,6
23/03/2025,Revolut,ğŸ’¼ Cybercare,,Lunch,2.78,Exp.,,2.78,EUR,2.78
23/03/2025,Revolut,ğŸ¹ Party and Beer,,,3.5,Exp.,Corner cafe,3.5,EUR,3.5
23/03/2025,Revolut,ğŸ¹ Party and Beer,,,10,Exp.,Corner Cafe,10,EUR,10
22/03/2025,Revolut,ğŸš– Transport,,Bolt Scooter,1.92,Exp.,,1.92,EUR,1.92
21/03/2025,Revolut,ğŸ›’ Grocery ,,,7.09,Exp.,Snack and grocery,7.09,EUR,7.09
21/03/2025,Revolut,ğŸš¬ Smoke,,,58.98,Exp.,Vape,58.98,EUR,58.98
20/03/2025,Revolut,Other,,,12.17,Income,Euro USD,12.17,EUR,12.17
19/03/2025,Revolut,ğŸš– Transport,,Bolt Scooter,1.23,Exp.,,1.23,EUR,1.23
19/03/2025,Revolut,ğŸ¿ Food/Snacks,,,3.99,Exp.,Circle hot dog,3.99,EUR,3.99
19/03/2025,Cash,Revolut,,,10,Transfer-In,Ieva,10,EUR,10
19/03/2025,Revolut,Cash,,,10,Transfer-Out,Ieva,10,EUR,10
19/03/2025,Revolut,ğŸš¬ Smoke,,,9.4,Exp.,,9.4,EUR,9.4
19/03/2025,Revolut,ğŸ›’ Grocery ,,,12.7,Exp.,Rimi,12.7,EUR,12.7
18/03/2025,Revolut,ğŸš– Transport,,Bolt Scooter,0.94,Exp.,,0.94,EUR,0.94
18/03/2025,Revolut,ğŸ¿ Food/Snacks,,,3.5,Exp.,Snekutis food,3.5,EUR,3.5
18/03/2025,Revolut,ğŸš– Transport,,Bolt Scooter,2.17,Exp.,,2.17,EUR,2.17
18/03/2025,Revolut,ğŸ’¼ Cybercare,,Lunch,5.1,Exp.,,5.1,EUR,5.1
17/03/2025,Revolut,ğŸš¬ Smoke,,,3.9,Exp.,,3.9,EUR,3.9
17/03/2025,Revolut,ğŸ­Treats,,,0.87,Exp.,,0.87,EUR,0.87
17/03/2025,Revolut,ğŸš¬ Smoke,,,5.5,Exp.,,5.5,EUR,5.5
17/03/2025,Revolut,ğŸ’¼ Cybercare,,Lunch,5.1,Exp.,,5.1,EUR,5.1
17/03/2025,Revolut,ğŸš¬ Smoke,,,5.5,Exp.,,5.5,EUR,5.5
17/03/2025,Neste Fuel,ğŸ«¶ğŸ½ MaÅ¾utÄ—,,Fuel,38.15,Exp.,,38.15,EUR,38.15
16/03/2025,Neste Fuel,Revolut,,,40,Transfer-In,,40,EUR,40
16/03/2025,Revolut,Neste Fuel,,,40,Transfer-Out,,40,EUR,40
16/03/2025,Revolut,ğŸ«¶ğŸ½ MaÅ¾utÄ—,,Parking,3.9,Exp.,,3.9,EUR,3.9
16/03/2025,Revolut,Other,,,85.56,Income,Dollar and PCC,85.56,EUR,85.56
15/03/2025,Revolut,ğŸš¬ Smoke,,,6.07,Exp.,,6.07,EUR,6.07
14/03/2025,Swedbank,Swedbank Saving,,,100,Transfer-In,,100,EUR,100
14/03/2025,Swedbank Saving,Swedbank,,,100,Transfer-Out,,100,EUR,100
14/03/2025,Revolut,ğŸ«¶ğŸ½ MaÅ¾utÄ—,,Fuel,20,Exp.,,20,EUR,20
14/03/2025,Cash,ğŸª‘ Household,,Rent March,183.33,Exp.,91.67,183.33,EUR,183.33
14/03/2025,Swedbank,Other,,Fees,1.25,Exp.,Swedbank â†’ Cash,1.25,EUR,1.25
14/03/2025,Cash,Swedbank,,,158.33,Transfer-In,Rent 91.67,158.33,EUR,158.33
14/03/2025,Swedbank,Cash,,,158.33,Transfer-Out,Rent 91.67,158.33,EUR,158.33
14/03/2025,Cash,Revolut,,,25,Transfer-In,Ren,25,EUR,25
14/03/2025,Revolut,Cash,,,25,Transfer-Out,Ren,25,EUR,25
14/03/2025,Swedbank,ğŸ’° Salary,,Cybercare,252,Income,,252,EUR,252
13/03/2025,Revolut,ğŸ­Treats,,,15.67,Exp.,Ieva and me and cigarette,15.67,EUR,15.67
13/03/2025,Revolut,ğŸ¿ Food/Snacks,,,2.5,Exp.,,2.5,EUR,2.5
12/03/2025,Revolut,Video Production,,Andrii,20.58,Income,,20.58,EUR,20.58
12/03/2025,Revolut,Subscription ,,Sodra,73.47,Exp.,,73.47,EUR,73.47
12/03/2025,Swedbank,ğŸ«¶ğŸ½ MaÅ¾utÄ—,,Fuel,20,Exp.,,20,EUR,20
12/03/2025,Revolut,Swedbank,,,85,Transfer-In,DHL,85,EUR,85
12/03/2025,Swedbank,Revolut,,,85,Transfer-Out,DHL,85,EUR,85
11/03/2025,Revolut,ğŸ¿ Food/Snacks,,,1.2,Exp.,,1.2,EUR,1.2
11/03/2025,Revolut,ğŸš¬ Smoke,,,12.89,Exp.,Narvaseen,12.89,EUR,12.89
10/03/2025,Revolut,ğŸ¿ Food/Snacks,,,7.9,Exp.,Jammi,7.9,EUR,7.9
09/03/2025,Revolut,ğŸ¹ Party and Beer,,,2.5,Exp.,,2.5,EUR,2.5
09/03/2025,Revolut,ğŸ¹ Party and Beer,,,8,Exp.,Mulo drink,8,EUR,8
09/03/2025,Revolut,Subscription ,,Apple Storage,2.99,Exp.,,2.99,EUR,2.99
09/03/2025,Revolut,Subscription ,,Envato,3.47,Exp.,,3.47,EUR,3.47
09/03/2025,Revolut,ğŸ¿ Food/Snacks,,,2.38,Exp.,,2.38,EUR,2.38
09/03/2025,Revolut,ğŸš¬ Smoke,,,5.5,Exp.,,5.5,EUR,5.5
09/03/2025,Revolut,Other,,,40,Income,PCC,40,EUR,40
09/03/2025,Revolut,Other,,,8,Income,Dollar Euro,8,EUR,8
08/03/2025,Cash,Other,,Balancing,3.81,Income,,3.81,EUR,3.81
08/03/2025,Bolt,Other,,Balancing,0.39,Income,,0.39,EUR,0.39
08/03/2025,Revolut,Other,,,72.75,Income,Euro,72.75,EUR,72.75
08/03/2025,Revolut,ğŸš¬ Smoke,,,5.5,Exp.,,5.5,EUR,5.5
08/03/2025,Swedbank,Swedbank Saving,,,62.33,Transfer-In,,62.33,EUR,62.33
08/03/2025,Swedbank Saving,Swedbank,,,62.33,Transfer-Out,,62.33,EUR,62.33
08/03/2025,Neste Fuel,ğŸ«¶ğŸ½ MaÅ¾utÄ—,,Fuel,18.23,Exp.,,18.23,EUR,18.23
07/03/2025,Swedbank,Other,,,10,Income,Adobe Sajib,10,EUR,10
07/03/2025,Swedbank,Subscription ,,Adobe,19.66,Exp.,,19.66,EUR,19.66
07/03/2025,Swedbank,Fleetfox,,,112.67,Transfer-In,,112.67,EUR,112.67
07/03/2025,Fleetfox,Swedbank,,,112.67,Transfer-Out,,112.67,EUR,112.67
06/03/2025,Swedbank,ğŸ§˜ğŸ¼ Health,,Medicine,14,Exp.,,14,EUR,14
06/03/2025,Swedbank,ğŸ¿ Food/Snacks,,,5.91,Exp.,Jammi rugele,5.91,EUR,5.91
05/03/2025,Swedbank,ğŸš¬ Smoke,,,9.4,Exp.,,9.4,EUR,9.4
05/03/2025,Swedbank,ğŸ«¶ğŸ½ MaÅ¾utÄ—,,Fuel,20,Exp.,,20,EUR,20
05/03/2025,Neste Fuel,Swedbank,,,20,Transfer-In,,20,EUR,20
05/03/2025,Swedbank,Neste Fuel,,,20,Transfer-Out,,20,EUR,20
05/03/2025,Swedbank,Subscription ,,Bank Fee,1.3,Exp.,,1.3,EUR,1.3
04/03/2025,Swedbank,ğŸ¿ Food/Snacks,,Iftar,2.15,Exp.,,2.15,EUR,2.15
03/03/2025,Revolut,ğŸ«¶ğŸ½ MaÅ¾utÄ—,,Insurance,21.64,Exp.,,21.64,EUR,21.64
03/03/2025,Swedbank Saving,Swedbank,,,10,Transfer-In,,10,EUR,10
03/03/2025,Swedbank,Swedbank Saving,,,10,Transfer-Out,,10,EUR,10
03/03/2025,Revolut,Swedbank,,,22,Transfer-In,,22,EUR,22
03/03/2025,Swedbank,Revolut,,,22,Transfer-Out,,22,EUR,22
03/03/2025,Swedbank Saving,Swedbank,,,79,Transfer-In,,79,EUR,79
03/03/2025,Swedbank,Swedbank Saving,,,79,Transfer-Out,,79,EUR,79
02/03/2025,Swedbank,ğŸ’¼ Cybercare,,,60,Exp.,Keyboard,60,EUR,60
02/03/2025,Swedbank,ğŸš¬ Smoke,,,5.5,Exp.,,5.5,EUR,5.5
02/03/2025,Swedbank,ğŸ«¶ğŸ½ MaÅ¾utÄ—,,Furl,20,Exp.,,20,EUR,20
02/03/2025,Swedbank,â¤ï¸ Muse,,,3.97,Exp.,,3.97,EUR,3.97
01/03/2025,Swedbank,â¤ï¸ Muse,,,11.79,Exp.,Maxima,11.79,EUR,11.79
01/03/2025,Swedbank,ğŸ›’ Grocery ,,,18.21,Exp.,Maxima,18.21,EUR,18.21
01/03/2025,Swedbank,ğŸš¬ Smoke,,,3.9,Exp.,,3.9,EUR,3.9
01/03/2025,Swedbank,â¤ï¸ Muse,,,13.22,Exp.,Jani,13.22,EUR,13.22
01/03/2025,Swedbank,ğŸš¦Violation,,Parking,10,Exp.,,10,EUR,10
28/02/2025,Swedbank,ğŸ’° Salary,,Cybercare,209.57,Income,,209.57,EUR,209.57
27/02/2025,Swedbank,ğŸš¬ Smoke,,,5.5,Exp.,,5.5,EUR,5.5
26/02/2025,Swedbank,ğŸ«¶ğŸ½ MaÅ¾utÄ—,,Car Wash,6,Exp.,,6,EUR,6
26/02/2025,Swedbank,ğŸ«¶ğŸ½ MaÅ¾utÄ—,,Fuel,30,Exp.,,30,EUR,30
26/02/2025,Swedbank,â¤ï¸ Muse,,,7.8,Exp.,Coffee and some,7.8,EUR,7.8
26/02/2025,Swedbank,ğŸ›’ Grocery ,,,25.28,Exp.,,25.28,EUR,25.28
25/02/2025,Swedbank,ğŸ’¼ Cybercare,,,6.4,Exp.,Lunch,6.4,EUR,6.4
25/02/2025,Swedbank,ğŸš¬ Smoke,,,3.9,Exp.,,3.9,EUR,3.9
25/02/2025,Revolut,ğŸš¬ Smoke,,,5.5,Exp.,,5.5,EUR,5.5
25/02/2025,Revolut,ğŸ¹ Party and Beer,,,3,Exp.,,3,EUR,3
24/02/2025,Swedbank,ğŸ›’ Grocery ,,,9.77,Exp.,,9.77,EUR,9.77
24/02/2025,Swedbank,ğŸ’¼ Cybercare,,,6.4,Exp.,Lunch,6.4,EUR,6.4
24/02/2025,Swedbank,ğŸš¬ Smoke,,,5.5,Exp.,,5.5,EUR,5.5
23/02/2025,Swedbank,ğŸ’¼ Cybercare,,,30,Exp.,Fuel cost,30,EUR,30
23/02/2025,Swedbank,Cash,,,125,Transfer-In,,125,EUR,125
23/02/2025,Cash,Swedbank,,,125,Transfer-Out,,125,EUR,125
23/02/2025,Swedbank,â¤ï¸ Muse,,,11.22,Exp.,Jami eat out,11.22,EUR,11.22
23/02/2025,Swedbank,ğŸš¬ Smoke,,,3.9,Exp.,,3.9,EUR,3.9
23/02/2025,Swedbank,â¤ï¸ Muse,,,4.91,Exp.,Rimi chocolate,4.91,EUR,4.91
23/02/2025,Bolt,ğŸšš Bolt Wolt,,,28,Income,,28,EUR,28
23/02/2025,Cash,Bolt,,,23.12,Transfer-In,,23.12,EUR,23.12
23/02/2025,Bolt,Cash,,,23.12,Transfer-Out,,23.12,EUR,23.12
23/02/2025,Cash,Bolt,,,48.07,Transfer-In,,48.07,EUR,48.07
23/02/2025,Bolt,Cash,,,48.07,Transfer-Out,,48.07,EUR,48.07
22/02/2025,Swedbank,â¤ï¸ Muse,,,7.98,Exp.,McDonalds,7.98,EUR,7.98
22/02/2025,Bolt,ğŸšš Bolt Wolt,,,2.99,Income,,2.99,EUR,2.99
22/02/2025,Golam Rabbi,Other,,,21.73,Income,Afreen,21.73,EUR,21.73
22/02/2025,Revolut,â¤ï¸ Muse,,,9.08,Exp.,,9.08,EUR,9.08
22/02/2025,Cash,Revolut,,,35,Transfer-In,,35,EUR,35
22/02/2025,Revolut,Cash,,,35,Transfer-Out,,35,EUR,35
22/02/2025,Golam Rabbi,Revolut,,,28.27,Transfer-In,Afreen,28.27,EUR,28.27
22/02/2025,Revolut,Golam Rabbi,,,28.27,Transfer-Out,Afreen,28.27,EUR,28.27
22/02/2025,Revolut,ğŸ­Treats,,,7,Exp.,Lina mulo desnudo,7,EUR,7
22/02/2025,Revolut,ğŸ¹ Party and Beer,,,8,Exp.,,8,EUR,8
21/02/2025,Revolut,ğŸ­Treats,,,35.6,Exp.,Fahad bro,35.6,EUR,35.6
21/02/2025,Revolut,ğŸ«¶ğŸ½ MaÅ¾utÄ—,,Parking,1.15,Exp.,,1.15,EUR,1.15
20/02/2025,Bolt,ğŸšš Bolt Wolt,,,10.31,Income,,10.31,EUR,10.31
20/02/2025,Swedbank Saving,Swedbank,,,9.89,Transfer-In,,9.89,EUR,9.89
20/02/2025,Swedbank,Swedbank Saving,,,9.89,Transfer-Out,,9.89,EUR,9.89
20/02/2025,Swedbank,Revolut,,,19.43,Transfer-In,,19.43,EUR,19.43
20/02/2025,Revolut,Swedbank,,,19.43,Transfer-Out,,19.43,EUR,19.43
20/02/2025,Revolut,Other,,,78.46,Income,,78.46,EUR,78.46
20/02/2025,Revolut,ğŸ«¶ğŸ½ MaÅ¾utÄ—,,,1.45,Exp.,Car clean,1.45,EUR,1.45
20/02/2025,Revolut,Other,,,2,Income,Rabbi bhai car clean,2,EUR,2
19/02/2025,Fleetfox,ğŸ¦Š Fleetfox ,,,38.4,Income,Kaunas Trip,38.4,EUR,38.4
19/02/2025,Swedbank,ğŸš¬ Smoke,,,9.79,Exp.,Vape,9.79,EUR,9.79
18/02/2025,Swedbank Saving,Swedbank,,,37.92,Transfer-In,,37.92,EUR,37.92
18/02/2025,Swedbank,Swedbank Saving,,,37.92,Transfer-Out,,37.92,EUR,37.92
18/02/2025,Swedbank,ğŸ¿ Food/Snacks,,Poland Embassy Trip,5.24,Exp.,,5.24,EUR,5.24
18/02/2025,Swedbank,ğŸ¿ Food/Snacks,,Poland Embassy Trip,8.6,Exp.,,8.6,EUR,8.6
18/02/2025,Swedbank,Wolt,,,47.92,Transfer-In,,47.92,EUR,47.92
18/02/2025,Wolt,Swedbank,,,47.92,Transfer-Out,,47.92,EUR,47.92
18/02/2025,Swedbank Saving,Swedbank,,,4.61,Transfer-In,,4.61,EUR,4.61
18/02/2025,Swedbank,Swedbank Saving,,,4.61,Transfer-Out,,4.61,EUR,4.61
18/02/2025,Revolut,Other,,Balancing,0.35,Income,,0.35,EUR,0.35
18/02/2025,Swedbank,ğŸ¹ Party and Beer,,Poland Embassy Trip,13.57,Exp.,,13.57,EUR,13.57
17/02/2025,Revolut,Swedbank,,,7,Transfer-In,,7,EUR,7
17/02/2025,Swedbank,Revolut,,,7,Transfer-Out,,7,EUR,7
17/02/2025,Revolut,â¤ï¸ Muse,,Poland Embassy Trip,8.93,Exp.,,8.93,EUR,8.93
17/02/2025,Swedbank,ğŸš¬ Smoke,,Poland Embassy Trip,3.21,Exp.,,3.21,EUR,3.21
17/02/2025,Swedbank,â˜•ï¸ Coffee,,Poland Embassy Trip,6.4,Exp.,,6.4,EUR,6.4
17/02/2025,Swedbank,â¤ï¸ Muse,,Poland Embassy Trip,14.79,Exp.,,14.79,EUR,14.79
17/02/2025,Revolut,Swedbank,,,100,Transfer-In,,100,EUR,100
17/02/2025,Swedbank,Revolut,,,100,Transfer-Out,,100,EUR,100
16/02/2025,Swedbank,ğŸ¿ Food/Snacks,,Poland Embassy Trip,6.71,Exp.,,6.71,EUR,6.71
16/02/2025,Swedbank,ğŸ«¶ğŸ½ MaÅ¾utÄ—,,Parking,1.85,Exp.,,1.85,EUR,1.85
16/02/2025,Bolt,ğŸšš Bolt Wolt,,,42.77,Income,,42.77,EUR,42.77
16/02/2025,Cash,Other,,Balancing,25.42,Exp.,,25.42,EUR,25.42
16/02/2025,Bolt,ğŸšš Bolt Wolt,,Tips,7.51,Income,,7.51,EUR,7.51
16/02/2025,Swedbank,Cash,,,65,Transfer-In,,65,EUR,65
16/02/2025,Cash,Swedbank,,,65,Transfer-Out,,65,EUR,65
16/02/2025,Cash,Other,,Accident,20,Income,,20,EUR,20
16/02/2025,Swedbank,Bolt,,,87.65,Transfer-In,,87.65,EUR,87.65
16/02/2025,Bolt,Swedbank,,,87.65,Transfer-Out,,87.65,EUR,87.65
16/02/2025,Cash,Bolt,,,14.39,Transfer-In,,14.39,EUR,14.39
16/02/2025,Bolt,Cash,,,14.39,Transfer-Out,,14.39,EUR,14.39
16/02/2025,Cash,Bolt,,,46.36,Transfer-In,,46.36,EUR,46.36
16/02/2025,Bolt,Cash,,,46.36,Transfer-Out,,46.36,EUR,46.36
15/02/2025,Wolt,ğŸšš Bolt Wolt,,,3.01,Income,,3.01,EUR,3.01
15/02/2025,Revolut,ğŸš¬ Smoke,,,3.9,Exp.,,3.9,EUR,3.9
15/02/2025,Revolut,ğŸ«¶ğŸ½ MaÅ¾utÄ—,,Fuel,1.4,Exp.,,1.4,EUR,1.4
15/02/2025,Revolut,ğŸ¿ Food/Snacks,,,6,Exp.,Kaunas,6,EUR,6
15/02/2025,Revolut,â¤ï¸ Muse,,,3.2,Exp.,,3.2,EUR,3.2
15/02/2025,Swedbank,ğŸ«¶ğŸ½ MaÅ¾utÄ—,,Parking,0.2,Exp.,,0.2,EUR,0.2
15/02/2025,Bolt,ğŸšš Bolt Wolt,,,11.18,Income,,11.18,EUR,11.18
14/02/2025,Revolut,ğŸ¹ Party and Beer,,,11.69,Exp.,Valentines day Plus Plus Plus,11.69,EUR,11.69
14/02/2025,Revolut,ğŸ“¦ Delivery,,Fuel,73.15,Exp.,,73.15,EUR,73.15
14/02/2025,Bolt,ğŸšš Bolt Wolt,,,12.84,Income,,12.84,EUR,12.84
13/02/2025,Fleetfox,ğŸ¦Š Fleetfox ,,,27.07,Income,,27.07,EUR,27.07
13/02/2025,Wolt,ğŸšš Bolt Wolt,,,6.87,Income,,6.87,EUR,6.87
13/02/2025,Swedbank,ğŸ“¦ Delivery,,Fuel,10,Exp.,,10,EUR,10
13/02/2025,Bolt,ğŸšš Bolt Wolt,,,27.17,Income,,27.17,EUR,27.17
12/02/2025,Wolt,ğŸšš Bolt Wolt,,,4.38,Income,,4.38,EUR,4.38
12/02/2025,Swedbank,ğŸ«¶ğŸ½ MaÅ¾utÄ—,,Parking,3,Exp.,,3,EUR,3
12/02/2025,Bolt,ğŸšš Bolt Wolt,,,27.42,Income,,27.42,EUR,27.42
11/02/2025,Wolt,ğŸšš Bolt Wolt,,,6.73,Income,,6.73,EUR,6.73
11/02/2025,Swedbank,ğŸš¬ Smoke,,,5.5,Exp.,,5.5,EUR,5.5
11/02/2025,Swedbank,ğŸš¬ Smoke,,,3.9,Exp.,,3.9,EUR,3.9
11/02/2025,Swedbank,â¤ï¸ Muse,,,2.78,Exp.,Coffee,2.78,EUR,2.78
11/02/2025,Bolt,ğŸšš Bolt Wolt,,,10.85,Income,,10.85,EUR,10.85
10/02/2025,Revolut,ğŸ›’ Grocery ,,,7.27,Exp.,,7.27,EUR,7.27
10/02/2025,Revolut,Swedbank,,,10,Transfer-In,,10,EUR,10
10/02/2025,Swedbank,Revolut,,,10,Transfer-Out,,10,EUR,10
10/02/2025,Cash,Swedbank,,,10,Transfer-In,Helping Bangladeshi Refuel,10,EUR,10
10/02/2025,Swedbank,Cash,,,10,Transfer-Out,Helping Bangladeshi Refuel,10,EUR,10
10/02/2025,Revolut,ğŸš¬ Smoke,,,3.9,Exp.,,3.9,EUR,3.9
10/02/2025,Swedbank,ğŸ›’ Grocery ,,,35.04,Exp.,,35.04,EUR,35.04
10/02/2025,Swedbank,ğŸ“¦ Delivery,,Fuel,40,Exp.,,40,EUR,40
10/02/2025,Revolut,Other,,Balancing,0.01,Income,,0.01,EUR,0.01
10/02/2025,Swedbank Saving,Swedbank,,,20.91,Transfer-In,,20.91,EUR,20.91
10/02/2025,Swedbank,Swedbank Saving,,,20.91,Transfer-Out,,20.91,EUR,20.91
10/02/2025,Swedbank,Bolt,,,67.86,Transfer-In,,67.86,EUR,67.86
10/02/2025,Bolt,Swedbank,,,67.86,Transfer-Out,,67.86,EUR,67.86
10/02/2025,Swedbank,Wolt,,,82.81,Transfer-In,,82.81,EUR,82.81
10/02/2025,Wolt,Swedbank,,,82.81,Transfer-Out,,82.81,EUR,82.81
10/02/2025,Wolt,ğŸšš Bolt Wolt,,,19.54,Income,,19.54,EUR,19.54
10/02/2025,Bolt,ğŸšš Bolt Wolt,,,11.16,Income,,11.16,EUR,11.16
08/02/2025,Cash,ğŸš¬ Smoke,,,10.3,Exp.,,10.3,EUR,10.3
08/02/2025,Bolt,ğŸšš Bolt Wolt,,Waiting time,5.99,Income,,5.99,EUR,5.99
08/02/2025,Cash,Bolt,,,20.37,Transfer-In,,20.37,EUR,20.37
08/02/2025,Bolt,Cash,,,20.37,Transfer-Out,,20.37,EUR,20.37
08/02/2025,Bolt,ğŸšš Bolt Wolt,,,6.77,Income,,6.77,EUR,6.77
08/02/2025,Wolt,ğŸšš Bolt Wolt,,,7.39,Income,,7.39,EUR,7.39
08/02/2025,Swedbank,â¤ï¸ Muse,,,3.58,Exp.,Drinks,3.58,EUR,3.58
08/02/2025,Swedbank,ğŸ“¦ Delivery,,Fuel,30,Exp.,,30,EUR,30
08/02/2025,Swedbank,â¤ï¸ Muse,,,26.4,Exp.,Eating out Awakado,26.4,EUR,26.4
08/02/2025,Swedbank,Subscription ,,Adobe,19.66,Exp.,,19.66,EUR,19.66
07/02/2025,Bolt,ğŸšš Bolt Wolt,,,25.77,Income,,25.77,EUR,25.77
07/02/2025,Wolt,ğŸšš Bolt Wolt,,,17.87,Income,,17.87,EUR,17.87
07/02/2025,Swedbank,ğŸ«¶ğŸ½ MaÅ¾utÄ—,,Insurance,21.64,Exp.,,21.64,EUR,21.64
07/02/2025,Swedbank,ğŸš¬ Smoke,,,3.9,Exp.,,3.9,EUR,3.9
07/02/2025,Swedbank,ğŸ¿ Food/Snacks,,,3.2,Exp.,Fleet,3.2,EUR,3.2
07/02/2025,Swedbank,Subscription ,,Mobile Bill,41.32,Exp.,,41.32,EUR,41.32
07/02/2025,Swedbank,Fleetfox,,,129.35,Transfer-In,,129.35,EUR,129.35
07/02/2025,Fleetfox,Swedbank,,,129.35,Transfer-Out,,129.35,EUR,129.35
07/02/2025,Revolut,ğŸ›’ Grocery ,,,9.53,Exp.,,9.53,EUR,9.53
07/02/2025,Revolut,Subscription ,,Apple Storage,2.99,Exp.,,2.99,EUR,2.99
06/02/2025,Cash,ğŸš¬ Smoke,,,9.8,Exp.,,9.8,EUR,9.8
06/02/2025,Bolt,ğŸšš Bolt Wolt,,,3.73,Income,,3.73,EUR,3.73
06/02/2025,Wolt,ğŸšš Bolt Wolt,,,3.06,Income,,3.06,EUR,3.06
06/02/2025,Swedbank,ğŸ¿ Food/Snacks,,,1.15,Exp.,,1.15,EUR,1.15
06/02/2025,Swedbank,ğŸ¿ Food/Snacks,,,3.44,Exp.,,3.44,EUR,3.44
06/02/2025,Revolut,ğŸ“¦ Delivery,,Fuel,30,Exp.,,30,EUR,30
05/02/2025,Bolt,ğŸšš Bolt Wolt,,,27.78,Income,,27.78,EUR,27.78
05/02/2025,Wolt,ğŸšš Bolt Wolt,,,15.73,Income,,15.73,EUR,15.73
05/02/2025,Swedbank,ğŸ“¦ Delivery,,Snacks,3.07,Exp.,,3.07,EUR,3.07
05/02/2025,Swedbank,ğŸ“¦ Delivery,,Fuel,30,Exp.,,30,EUR,30
05/02/2025,Swedbank,Subscription ,,Bank Fee,1.3,Exp.,,1.3,EUR,1.3
04/02/2025,Cash,ğŸšš Bolt Wolt,,Tips,0.01,Income,,0.01,EUR,0.01
04/02/2025,Cash,Bolt,,,14.39,Transfer-In,,14.39,EUR,14.39
04/02/2025,Bolt,Cash,,,14.39,Transfer-Out,,14.39,EUR,14.39
04/02/2025,Bolt,ğŸšš Bolt Wolt,,,5.95,Income,,5.95,EUR,5.95
04/02/2025,Wolt,ğŸšš Bolt Wolt,,,21.77,Income,,21.77,EUR,21.77
04/02/2025,Revolut,ğŸ¿ Food/Snacks,,,2.76,Exp.,,2.76,EUR,2.76
04/02/2025,Revolut,ğŸš¬ Smoke,,,3.9,Exp.,,3.9,EUR,3.9
03/02/2025,Fleetfox,ğŸ¦Š Fleetfox ,,,47.2,Income,,47.2,EUR,47.2
03/02/2025,Swedbank,Bolt,,,21.68,Transfer-In,,21.68,EUR,21.68
03/02/2025,Bolt,Swedbank,,,21.68,Transfer-Out,,21.68,EUR,21.68
03/02/2025,Bolt,ğŸšš Bolt Wolt,,,26.63,Income,,26.63,EUR,26.63
03/02/2025,Wolt,ğŸšš Bolt Wolt,,,10.01,Income,,10.01,EUR,10.01
03/02/2025,Swedbank,Wolt,,,37.19,Transfer-In,,37.19,EUR,37.19
03/02/2025,Wolt,Swedbank,,,37.19,Transfer-Out,,37.19,EUR,37.19
02/02/2025,Revolut,Other,,,50,Income,Euro business 45 afreen 5,50,EUR,50
02/02/2025,Revolut,ğŸš¬ Smoke,,,7.8,Exp.,,7.8,EUR,7.8
02/02/2025,Revolut,â¤ï¸ Muse,,,6.54,Exp.,Redbull iki,6.54,EUR,6.54
02/02/2025,Revolut,ğŸ¿ Food/Snacks,,,8.99,Exp.,Sushi with muse,8.99,EUR,8.99
02/02/2025,Revolut,ğŸš¦Violation,,,15,Exp.,Parking for bolt cars,15,EUR,15
02/02/2025,Revolut,Freelancing,,,40,Income,Sunit movement,40,EUR,40
01/02/2025,Revolut,ğŸª‘ Household,,Rent February,283,Exp.,Paid by loan rabbi and paid on april 2,283,EUR,283
01/02/2025,Bolt,ğŸšš Bolt Wolt,,,12.71,Income,,12.71,EUR,12.71
01/02/2025,Wolt,ğŸšš Bolt Wolt,,,14.37,Income,,14.37,EUR,14.37
01/02/2025,Revolut,Other,,Balancing,1.04,Income,,1.04,EUR,1.04
01/02/2025,Revolut,ğŸ¿ Food/Snacks,,,6,Exp.,Shingara,6,EUR,6
31/01/2025,Revolut,ğŸš¬ Smoke,,,3.9,Exp.,,3.9,EUR,3.9
31/01/2025,Cash,Other,,Balancing,0.25,Exp.,,0.25,EUR,0.25
31/01/2025,Cash,ğŸ«¶ğŸ½ MaÅ¾utÄ—,,,100,Exp.,Fixing,100,EUR,100
31/01/2025,Fleetfox,ğŸ¦Š Fleetfox ,,,129.35,Income,,129.35,EUR,129.35
30/01/2025,Swedbank,ğŸ§˜ğŸ¼ Health,,Doctor,0.29,Exp.,,0.29,EUR,0.29
30/01/2025,Swedbank,ğŸš¬ Smoke,,,3.9,Exp.,,3.9,EUR,3.9
30/01/2025,Revolut,Swedbank,,,11.23,Transfer-In,Sourov loan,11.23,EUR,11.23
30/01/2025,Swedbank,Revolut,,,11.23,Transfer-Out,Sourov loan,11.23,EUR,11.23
30/01/2025,Revolut,ğŸš¬ Smoke,,,5.9,Exp.,,5.9,EUR,5.9
30/01/2025,Revolut,â¤ï¸ Muse,,,18,Exp.,Flowers,18,EUR,18
30/01/2025,Revolut,ğŸ›’ Grocery ,,,15.62,Exp.,,15.62,EUR,15.62
30/01/2025,Bolt,ğŸšš Bolt Wolt,,Waiting time,2,Income,,2,EUR,2
30/01/2025,Bolt,ğŸšš Bolt Wolt,,,2.45,Income,,2.45,EUR,2.45
29/01/2025,Revolut,ğŸ«¶ğŸ½ MaÅ¾utÄ—,,Fuel,7.89,Exp.,,7.89,EUR,7.89
28/01/2025,Swedbank,ğŸ¿ Food/Snacks,,,1.99,Exp.,Redbull,1.99,EUR,1.99
28/01/2025,Revolut,Other,,,45.95,Income,Dollar,45.95,EUR,45.95
28/01/2025,Revolut,ğŸ¿ Food/Snacks,,,3.2,Exp.,Drinks circle k,3.2,EUR,3.2
28/01/2025,Wolt,ğŸšš Bolt Wolt,,,3.27,Income,,3.27,EUR,3.27
27/01/2025,Swedbank,ğŸš¬ Smoke,,,3.9,Exp.,,3.9,EUR,3.9
27/01/2025,Golam Rabbi,Revolut,,,100,Transfer-In,Shahriar loan,100,EUR,100
27/01/2025,Revolut,Golam Rabbi,,,100,Transfer-Out,Shahriar loan,100,EUR,100
27/01/2025,Revolut,Swedbank,,,100,Transfer-In,,100,EUR,100
27/01/2025,Swedbank,Revolut,,,100,Transfer-Out,,100,EUR,100
27/01/2025,Swedbank,Bolt,,,44.04,Transfer-In,,44.04,EUR,44.04
27/01/2025,Bolt,Swedbank,,,44.04,Transfer-Out,,44.04,EUR,44.04
27/01/2025,Bolt,ğŸšš Bolt Wolt,,,6.52,Income,,6.52,EUR,6.52
27/01/2025,Wolt,ğŸšš Bolt Wolt,,,16.91,Income,,16.91,EUR,16.91
25/01/2025,Revolut,ğŸ«¶ğŸ½ MaÅ¾utÄ—,,Car Wash,6.59,Exp.,Car wash,6.59,EUR,6.59
25/01/2025,Swedbank,Other,,,3.5,Exp.,,3.5,EUR,3.5
25/01/2025,Revolut,ğŸ¿ Food/Snacks,,,5.58,Exp.,,5.58,EUR,5.58
25/01/2025,Revolut,ğŸš¬ Smoke,,,3.9,Exp.,,3.9,EUR,3.9
24/01/2025,Revolut,Other,,,20,Income,Fahad bhai donationâ¤ï¸,20,EUR,20
24/01/2025,Revolut,ğŸš¬ Smoke,,,3.9,Exp.,,3.9,EUR,3.9
23/01/2025,Revolut,ğŸ¿ Food/Snacks,,,1.58,Exp.,,1.58,EUR,1.58
23/01/2025,Bolt,ğŸšš Bolt Wolt,,,10.84,Income,,10.84,EUR,10.84
23/01/2025,Wolt,ğŸšš Bolt Wolt,,,17.01,Income,,17.01,EUR,17.01
23/01/2025,Swedbank,Wolt,,,81.45,Transfer-In,,81.45,EUR,81.45
23/01/2025,Wolt,Swedbank,,,81.45,Transfer-Out,,81.45,EUR,81.45
22/01/2025,Revolut,Swedbank,,,2.6,Transfer-In,,2.6,EUR,2.6
22/01/2025,Swedbank,Revolut,,,2.6,Transfer-Out,,2.6,EUR,2.6
22/01/2025,Revolut,ğŸš¬ Smoke,,,3.9,Exp.,,3.9,EUR,3.9
22/01/2025,Revolut,ğŸ¿ Food/Snacks,,,2.7,Exp.,,2.7,EUR,2.7
22/01/2025,Wolt,ğŸšš Bolt Wolt,,,41.56,Income,,41.56,EUR,41.56
22/01/2025,Bolt,ğŸšš Bolt Wolt,,,15.74,Income,,15.74,EUR,15.74
21/01/2025,Swedbank,ğŸ«¶ğŸ½ MaÅ¾utÄ—,,Parking,0.8,Exp.,,0.8,EUR,0.8
21/01/2025,Wolt,ğŸšš Bolt Wolt,,,10.55,Income,,10.55,EUR,10.55
21/01/2025,Bolt,ğŸšš Bolt Wolt,,,11.98,Income,,11.98,EUR,11.98
20/01/2025,Revolut,Other,,Balancing,153.46,Income,Profit and Balancing,153.46,EUR,153.46
20/01/2025,Swedbank,ğŸš¬ Smoke,,,3.9,Exp.,,3.9,EUR,3.9
20/01/2025,Swedbank,ğŸ›’ Grocery ,,,18.13,Exp.,,18.13,EUR,18.13
20/01/2025,Revolut,ğŸš¬ Smoke,,,5.9,Exp.,,5.9,EUR,5.9
20/01/2025,Wolt,ğŸšš Bolt Wolt,,,15.13,Income,,15.13,EUR,15.13
20/01/2025,Swedbank,Bolt,,,21.95,Transfer-In,,21.95,EUR,21.95
20/01/2025,Bolt,Swedbank,,,21.95,Transfer-Out,,21.95,EUR,21.95
20/01/2025,Bolt,ğŸšš Bolt Wolt,,,3.48,Income,,3.48,EUR,3.48
19/01/2025,Swedbank,ğŸš– Transport,,Parking,1.4,Exp.,,1.4,EUR,1.4
19/01/2025,Revolut,Other,,,5.15,Income,Rabbi bhai for cigarettes,5.15,EUR,5.15
18/01/2025,Swedbank,ğŸš¬ Smoke,,,3.9,Exp.,,3.9,EUR,3.9
18/01/2025,Wolt,ğŸšš Bolt Wolt,,,6.59,Income,,6.59,EUR,6.59
18/01/2025,Bolt,ğŸšš Bolt Wolt,,,6.84,Income,,6.84,EUR,6.84
18/01/2025,Bolt,ğŸšš Bolt Wolt,,Waiting time,0.99,Income,,0.99,EUR,0.99
18/01/2025,Revolut,Other,,,8,Income,Fahim phone,8,EUR,8
17/01/2025,Revolut,ğŸš¬ Smoke,,,3.9,Exp.,,3.9,EUR,3.9
17/01/2025,Cash,ğŸ“¦ Delivery,,Fuel,48.94,Exp.,,48.94,EUR,48.94
17/01/2025,Swedbank,ğŸ“¦ Delivery,,Fuel,21.22,Exp.,,21.22,EUR,21.22
17/01/2025,Revolut,Swedbank,,,57.09,Transfer-In,,57.09,EUR,57.09
17/01/2025,Swedbank,Revolut,,,57.09,Transfer-Out,,57.09,EUR,57.09
17/01/2025,Swedbank,Wolt,,,87.09,Transfer-In,,87.09,EUR,87.09
17/01/2025,Wolt,Swedbank,,,87.09,Transfer-Out,,87.09,EUR,87.09
17/01/2025,Bolt,ğŸšš Bolt Wolt,,,32.11,Income,,32.11,EUR,32.11
17/01/2025,Cash,Bolt,,,47.39,Transfer-In,,47.39,EUR,47.39
17/01/2025,Bolt,Cash,,,47.39,Transfer-Out,,47.39,EUR,47.39
17/01/2025,Revolut,ğŸ¿ Food/Snacks,,,3.78,Exp.,Lunch,3.78,EUR,3.78
17/01/2025,Revolut,ğŸš¬ Smoke,,,3.9,Exp.,,3.9,EUR,3.9
17/01/2025,Revolut,ğŸ«¶ğŸ½ MaÅ¾utÄ—,,,50,Exp.,Fixing Servicing,50,EUR,50
16/01/2025,Bolt,ğŸšš Bolt Wolt,,,15.81,Income,,15.81,EUR,15.81
16/01/2025,Wolt,ğŸšš Bolt Wolt,,,7.62,Income,,7.62,EUR,7.62
15/01/2025,Wolt,ğŸšš Bolt Wolt,,,6.16,Income,,6.16,EUR,6.16
15/01/2025,Cash,ğŸ«¶ğŸ½ MaÅ¾utÄ—,,,160,Exp.,Repair,160,EUR,160
15/01/2025,Revolut,ğŸš¬ Smoke,,,3.9,Exp.,,3.9,EUR,3.9
15/01/2025,Cash,Revolut,,,50,Transfer-In,,50,EUR,50
15/01/2025,Revolut,Cash,,,50,Transfer-Out,,50,EUR,50
15/01/2025,Revolut,Golam Rabbi,,,50,Transfer-In,Afreen,50,EUR,50
15/01/2025,Golam Rabbi,Revolut,,,50,Transfer-Out,Afreen,50,EUR,50
15/01/2025,Cash,Revolut,,,120,Transfer-In,,120,EUR,120
15/01/2025,Revolut,Cash,,,120,Transfer-Out,,120,EUR,120
15/01/2025,Cash,Swedbank,,,50,Transfer-In,,50,EUR,50
15/01/2025,Swedbank,Cash,,,50,Transfer-Out,,50,EUR,50
15/01/2025,Swedbank,Revolut,,,50,Transfer-In,,50,EUR,50
15/01/2025,Revolut,Swedbank,,,50,Transfer-Out,,50,EUR,50
14/01/2025,Wolt,ğŸšš Bolt Wolt,,,19.22,Income,,19.22,EUR,19.22
14/01/2025,Bolt,ğŸšš Bolt Wolt,,,16.95,Income,,16.95,EUR,16.95
14/01/2025,Bolt,ğŸšš Bolt Wolt,,Waiting time,2.5,Income,,2.5,EUR,2.5
14/01/2025,Revolut,ğŸ¿ Food/Snacks,,,0.5,Exp.,Gym Water,0.5,EUR,0.5
14/01/2025,Revolut,Golam Rabbi,,,8,Transfer-In,Fahim,8,EUR,8
14/01/2025,Golam Rabbi,Revolut,,,8,Transfer-Out,Fahim,8,EUR,8
14/01/2025,Revolut,Golam Rabbi,,,50,Transfer-In,Zuvelie,50,EUR,50
14/01/2025,Golam Rabbi,Revolut,,,50,Transfer-Out,Zuvelie,50,EUR,50
14/01/2025,Revolut,Golam Rabbi,,,100,Transfer-In,Shahriar,100,EUR,100
14/01/2025,Golam Rabbi,Revolut,,,100,Transfer-Out,Shahriar,100,EUR,100
14/01/2025,Revolut,ğŸš¬ Smoke,,,5.9,Exp.,,5.9,EUR,5.9
14/01/2025,Revolut,Swedbank,,,74.64,Transfer-In,,74.64,EUR,74.64
14/01/2025,Swedbank,Revolut,,,74.64,Transfer-Out,,74.64,EUR,74.64
13/01/2025,Wolt,ğŸšš Bolt Wolt,,,2.89,Income,,2.89,EUR,2.89
13/01/2025,Bolt,ğŸšš Bolt Wolt,,,12.58,Income,,12.58,EUR,12.58
13/01/2025,Cash,Bolt,,,10.4,Transfer-In,,10.4,EUR,10.4
13/01/2025,Bolt,Cash,,,10.4,Transfer-Out,,10.4,EUR,10.4
13/01/2025,Revolut,Ammu,,,200,Transfer-In,,200,EUR,200
13/01/2025,Ammu,Revolut,,,200,Transfer-Out,,200,EUR,200
13/01/2025,Revolut,Subscription ,,Sodra,194.52,Exp.,,194.52,EUR,194.52
13/01/2025,Revolut,ğŸš¬ Smoke,,,3.9,Exp.,,3.9,EUR,3.9
12/01/2025,Wolt,ğŸšš Bolt Wolt,,,26.81,Income,,26.81,EUR,26.81
12/01/2025,Bolt,ğŸšš Bolt Wolt,,,32.75,Income,,32.75,EUR,32.75
12/01/2025,Cash,ğŸ“¦ Delivery,,Fuel,61.1,Exp.,,61.1,EUR,61.1
12/01/2025,Cash,Bolt,,,28.83,Transfer-In,,28.83,EUR,28.83
12/01/2025,Bolt,Cash,,,28.83,Transfer-Out,,28.83,EUR,28.83
12/01/2025,Swedbank,ğŸš– Transport,,,8.27,Exp.,Spark,8.27,EUR,8.27
11/01/2025,Revolut,ğŸ¿ Food/Snacks,,,2.22,Exp.,,2.22,EUR,2.22
11/01/2025,Revolut,ğŸ¿ Food/Snacks,,Delivery Job,3.89,Exp.,,3.89,EUR,3.89
11/01/2025,Revolut,ğŸš¬ Smoke,,,3.9,Exp.,,3.9,EUR,3.9
11/01/2025,Revolut,Bolt Wolt,,Fuel,3.7,Exp.,,3.7,EUR,3.7
11/01/2025,Revolut,â˜•ï¸ Coffee,,,2,Exp.,Class,2,EUR,2
10/01/2025,Revolut,ğŸ«¶ğŸ½ MaÅ¾utÄ—,,,145,Exp.,Fixing and Servicin,145,EUR,145
10/01/2025,Revolut,ğŸ§¥ Apparel,,,41.18,Exp.,HnM Pants and Shoe,41.18,EUR,41.18
10/01/2025,Revolut,ğŸš¬ Smoke,,,3.9,Exp.,,3.9,EUR,3.9
10/01/2025,Swedbank,ğŸ¿ Food/Snacks,,,3.19,Exp.,,3.19,EUR,3.19
10/01/2025,Swedbank,ğŸš¬ Smoke,,,5.89,Exp.,,5.89,EUR,5.89
10/01/2025,Swedbank,ğŸ›’ Grocery ,,,2.29,Exp.,,2.29,EUR,2.29
10/01/2025,Golam Rabbi,Swedbank,,,10,Transfer-In,Afreen back,10,EUR,10
10/01/2025,Swedbank,Golam Rabbi,,,10,Transfer-Out,Afreen back,10,EUR,10
10/01/2025,Swedbank,â¤ï¸ Muse,,,10.52,Exp.,Jammi,10.52,EUR,10.52
09/01/2025,Revolut,âš™ï¸ Gears/Equipments,,,2,Exp.,Lock for Gym,2,EUR,2
09/01/2025,Revolut,ğŸ›’ Grocery ,,,6.57,Exp.,,6.57,EUR,6.57
09/01/2025,Revolut,â˜•ï¸ Coffee,,,2.19,Exp.,Delivery Chocolate,2.19,EUR,2.19
09/01/2025,Cash,ğŸšš Bolt Wolt,,Tips,0.91,Income,,0.91,EUR,0.91
09/01/2025,Bolt,ğŸšš Bolt Wolt,,Waiting time,1.01,Income,,1.01,EUR,1.01
09/01/2025,Cash,Bolt,,,62.09,Transfer-In,,62.09,EUR,62.09
09/01/2025,Bolt,Cash,,,62.09,Transfer-Out,,62.09,EUR,62.09
09/01/2025,Bolt,ğŸšš Bolt Wolt,,,43.76,Income,,43.76,EUR,43.76
09/01/2025,Swedbank,Wolt,,,114.8,Transfer-In,,114.8,EUR,114.8
09/01/2025,Wolt,Swedbank,,,114.8,Transfer-Out,,114.8,EUR,114.8
09/01/2025,Wolt,ğŸšš Bolt Wolt,,,4.2,Income,,4.2,EUR,4.2
08/01/2025,Revolut,Other,,,5,Income,Sourov kaunas,5,EUR,5
08/01/2025,Ammu,Other,,Prius Car,300,Income,,300,EUR,300
08/01/2025,Revolut,ğŸš¬ Smoke,,,3.9,Exp.,,3.9,EUR,3.9
08/01/2025,Revolut,ğŸ¿ Food/Snacks,,,5.3,Exp.,Hesburger Salad,5.3,EUR,5.3
08/01/2025,Ammu,Other,,,258.1,Income,Balancing and profit,258.1,EUR,258.1
08/01/2025,Revolut,Other,,Balancing,9.1,Income,,9.1,EUR,9.1
08/01/2025,Bolt,ğŸšš Bolt Wolt,,,10.63,Income,,10.63,EUR,10.63
08/01/2025,Wolt,ğŸšš Bolt Wolt,,,27.81,Income,,27.81,EUR,27.81
07/01/2025,Wolt,ğŸšš Bolt Wolt,,,9.57,Income,,9.57,EUR,9.57
07/01/2025,Revolut,ğŸ›’ Grocery ,,,46.16,Exp.,January groceries and car brusg,46.16,EUR,46.16
07/01/2025,Revolut,Subscription ,,Apple Storage,2.99,Exp.,,2.99,EUR,2.99
07/01/2025,Swedbank,Subscription ,,,1.3,Exp.,Bank fee,1.3,EUR,1.3
07/01/2025,Swedbank,Fleetfox,,,303.71,Transfer-In,,303.71,EUR,303.71
07/01/2025,Fleetfox,Swedbank,,,303.71,Transfer-Out,,303.71,EUR,303.71
07/01/2025,Revolut,Swedbank,,,302.41,Transfer-In,,302.41,EUR,302.41
07/01/2025,Swedbank,Revolut,,,302.41,Transfer-Out,,302.41,EUR,302.41
06/01/2025,Wolt,ğŸšš Bolt Wolt,,,30.69,Income,,30.69,EUR,30.69
06/01/2025,Revolut,ğŸš¬ Smoke,,,5.29,Exp.,,5.29,EUR,5.29
06/01/2025,Revolut,Other,,,5,Income,Kaunas,5,EUR,5
04/01/2025,Wolt,ğŸšš Bolt Wolt,,,5.06,Income,,5.06,EUR,5.06
04/01/2025,Revolut,Other,,,5,Income,Fahim for car,5,EUR,5
04/01/2025,Revolut,Subscription ,,Adobe,19.66,Exp.,,19.66,EUR,19.66
04/01/2025,Revolut,ğŸ¿ Food/Snacks,,Delivery Job,1.5,Exp.,,1.5,EUR,1.5
04/01/2025,Revolut,Swedbank,,,20.12,Transfer-In,,20.12,EUR,20.12
04/01/2025,Swedbank,Revolut,,,20.12,Transfer-Out,,20.12,EUR,20.12
04/01/2025,Bolt,ğŸšš Bolt Wolt,,,8.31,Income,,8.31,EUR,8.31
04/01/2025,Bolt,ğŸšš Bolt Wolt,,Balancing,7.61,Income,,7.61,EUR,7.61
03/01/2025,Swedbank,ğŸ›’ Grocery ,,,2.9,Exp.,,2.9,EUR,2.9
03/01/2025,Swedbank,â˜•ï¸ Coffee,,,1.39,Exp.,,1.39,EUR,1.39
03/01/2025,Swedbank,ğŸš¬ Smoke,,,3.9,Exp.,,3.9,EUR,3.9
03/01/2025,Swedbank,ğŸ¿ Food/Snacks,,,4.49,Exp.,University food,4.49,EUR,4.49
03/01/2025,Wolt,ğŸšš Bolt Wolt,,,27.98,Income,,27.98,EUR,27.98
03/01/2025,Bolt,ğŸšš Bolt Wolt,,,6.29,Income,,6.29,EUR,6.29
02/01/2025,Swedbank,ğŸ›’ Grocery ,,,4.8,Exp.,,4.8,EUR,4.8
02/01/2025,Swedbank,ğŸ›’ Grocery ,,,34.35,Exp.,Depo,34.35,EUR,34.35
01/01/2025,Ammu,ğŸ«¶ğŸ½ MaÅ¾utÄ—,,,100,Exp.,Crankshaft Pully 140+50+70=260,100,EUR,100
01/01/2025,Wolt,ğŸšš Bolt Wolt,,,41.5,Income,,41.5,EUR,41.5
01/01/2025,Swedbank,Wolt,,,71.95,Transfer-In,,71.95,EUR,71.95
01/01/2025,Wolt,Swedbank,,,71.95,Transfer-Out,,71.95,EUR,71.95
01/01/2025,Swedbank,ğŸ«¶ğŸ½ MaÅ¾utÄ—,,Registration,16.28,Exp.,Registration,16.28,EUR,16.28
01/01/2025,Swedbank,Revolut,,,16.28,Transfer-In,Car reg,16.28,EUR,16.28
01/01/2025,Revolut,Swedbank,,,16.28,Transfer-Out,Car reg,16.28,EUR,16.28
01/01/2025,Revolut,ğŸ¹ Party and Beer,,,8,Exp.,New year,8,EUR,8
01/01/2025,Revolut,ğŸ¿ Food/Snacks,,,1,Exp.,Ieva hangout,1,EUR,1
01/01/2025,Revolut,ğŸª‘ Household,,Rent January,269.24,Exp.,,269.24,EUR,269.24
01/01/2025,Revolut,Sourov,,,30,Transfer-In,,30,EUR,30
01/01/2025,Sourov,Revolut,,,30,Transfer-Out,,30,EUR,30
31/12/2024,Bolt,ğŸšš Bolt Wolt,,,13.98,Income,Add 5.10 for balancing,13.98,EUR,13.98
31/12/2024,Cash,Bolt,,,27.28,Transfer-In,,27.28,EUR,27.28
31/12/2024,Bolt,Cash,,,27.28,Transfer-Out,,27.28,EUR,27.28
31/12/2024,Cash,Bolt Wolt,,Fuel,20,Exp.,Kaunas drop,20,EUR,20
31/12/2024,Revolut,Other,,,5,Income,Kaunas,5,EUR,5
31/12/2024,Revolut,ğŸ¿ Food/Snacks,,,3.38,Exp.,,3.38,EUR,3.38
31/12/2024,Revolut,ğŸ¹ Party and Beer,,,8.1,Exp.,New year plus plus plus,8.1,EUR,8.1
31/12/2024,Revolut,ğŸ›’ Grocery ,,,17.09,Exp.,Grocery decemver,17.09,EUR,17.09
31/12/2024,Cash,Other,,Balancing,12.41,Exp.,,12.41,EUR,12.41
30/12/2024,Bolt,ğŸšš Bolt Wolt,,,9.43,Income,,9.43,EUR,9.43
30/12/2024,Ammu,ğŸ«¶ğŸ½ MaÅ¾utÄ—,,,150,Exp.,Bringing Mazute Home,150,EUR,150
30/12/2024,Ammu,ğŸ«¶ğŸ½ MaÅ¾utÄ—,,,2200,Exp.,Purchase Mazute,2200,EUR,2200
30/12/2024,Ammu,Other,,,180,Income,Dollar Conversion,180,EUR,180
30/12/2024,Ammu,Other,,Prius Car,700,Income,,700,EUR,700
30/12/2024,Ammu,Cash,,,25,Transfer-In,,25,EUR,25
30/12/2024,Cash,Ammu,,,25,Transfer-Out,,25,EUR,25
30/12/2024,Revolut,Bolt,,,7.63,Transfer-In,,7.63,EUR,7.63
30/12/2024,Bolt,Revolut,,,7.63,Transfer-Out,,7.63,EUR,7.63
30/12/2024,Ammu,Cash,,,25,Transfer-In,,25,EUR,25
30/12/2024,Cash,Ammu,,,25,Transfer-Out,,25,EUR,25
30/12/2024,Cash,Bolt,,,19.61,Transfer-In,,19.61,EUR,19.61
30/12/2024,Bolt,Cash,,,19.61,Transfer-Out,,19.61,EUR,19.61
30/12/2024,Revolut,Ethos 24,,,52.49,Transfer-In,,52.49,EUR,52.49
30/12/2024,Ethos 24,Revolut,,,52.49,Transfer-Out,,52.49,EUR,52.49
30/12/2024,Revolut,ğŸš• Prius,,Fuel,12.35,Exp.,,12.35,EUR,12.35
30/12/2024,Revolut,Golam Rabbi,,,50,Transfer-In,Mitu,50,EUR,50
30/12/2024,Golam Rabbi,Revolut,,,50,Transfer-Out,Mitu,50,EUR,50
30/12/2024,Revolut,ğŸš• Prius,,Fuel,34.6,Exp.,,34.6,EUR,34.6
30/12/2024,Revolut,ğŸ¿ Food/Snacks,,,0.37,Exp.,,0.37,EUR,0.37
30/12/2024,Revolut,ğŸ’„ Beauty,,Haircut,15,Exp.,,15,EUR,15
29/12/2024,Revolut,Subscription ,,MaÅ¾utÄ—,21.59,Exp.,Insurance,21.59,EUR,21.59
29/12/2024,Revolut,Ammu,,,25,Transfer-In,,25,EUR,25
29/12/2024,Ammu,Revolut,,,25,Transfer-Out,,25,EUR,25
29/12/2024,Revolut,Other,,,5.64,Exp.,,5.64,EUR,5.64
29/12/2024,Revolut,Ammu,,,60,Transfer-In,,60,EUR,60
29/12/2024,Ammu,Revolut,,,60,Transfer-Out,,60,EUR,60
29/12/2024,Revolut,ğŸ›’ Grocery ,,,53.35,Exp.,,53.35,EUR,53.35
29/12/2024,Revolut,ğŸš¬ Smoke,,,5.9,Exp.,,5.9,EUR,5.9
29/12/2024,Revolut,ğŸ¹ Party and Beer,,,6,Exp.,,6,EUR,6
28/12/2024,Cash,â¤ï¸ Muse,,,8,Exp.,Hotdog,8,EUR,8
28/12/2024,Cash,ğŸ¹ Party and Beer,,,5.5,Exp.,Trinity,5.5,EUR,5.5
28/12/2024,Cash,ğŸšš Bolt Wolt,,,20,Income,Kaunas,20,EUR,20
28/12/2024,Cash,Bolt Wolt,,Fuel,34.41,Exp.,,34.41,EUR,34.41
28/12/2024,Revolut,Golam Rabbi,,,10,Transfer-In,Afreen loan,10,EUR,10
28/12/2024,Golam Rabbi,Revolut,,,10,Transfer-Out,Afreen loan,10,EUR,10
28/12/2024,Revolut,ğŸš¬ Smoke,,,5.9,Exp.,,5.9,EUR,5.9
28/12/2024,Revolut,ğŸš¬ Smoke,,,5.15,Exp.,,5.15,EUR,5.15
28/12/2024,Wolt,ğŸšš Bolt Wolt,,,7.97,Income,,7.97,EUR,7.97
27/12/2024,Cash,ğŸ­Treats,,,5.9,Exp.,Zaria,5.9,EUR,5.9
27/12/2024,Sourov,Cash,,,30,Transfer-In,Cheariu,30,EUR,30
27/12/2024,Cash,Sourov,,,30,Transfer-Out,Cheariu,30,EUR,30
27/12/2024,Swedbank,â˜•ï¸ Coffee,,Fleetfox,1.39,Exp.,,1.39,EUR,1.39
27/12/2024,Revolut,ğŸ›’ Grocery ,,,25,Exp.,Questionable,25,EUR,25
27/12/2024,Revolut,Golam Rabbi,,,20,Transfer-In,Fahad bhai,20,EUR,20
27/12/2024,Golam Rabbi,Revolut,,,20,Transfer-Out,Fahad bhai,20,EUR,20
27/12/2024,Revolut,Swedbank,,,3.14,Transfer-In,,3.14,EUR,3.14
27/12/2024,Swedbank,Revolut,,,3.14,Transfer-Out,,3.14,EUR,3.14
27/12/2024,Revolut,ğŸ¿ Food/Snacks,,Fleetfox,3.99,Exp.,,3.99,EUR,3.99
27/12/2024,Wolt,ğŸšš Bolt Wolt,,,6.98,Income,,6.98,EUR,6.98
27/12/2024,Bolt,ğŸšš Bolt Wolt,,,7.42,Income,,7.42,EUR,7.42
26/12/2024,Fleetfox,ğŸ¦Š Fleetfox ,,,59.42,Income,Lead and Kaunas,59.42,EUR,59.42
26/12/2024,Swedbank,Subscription ,,Mobile Bill,20,Exp.,,20,EUR,20
26/12/2024,Swedbank,ğŸš• Prius,,,33.3,Exp.,Engine oil,33.3,EUR,33.3
26/12/2024,Swedbank,ğŸš– Transport,,Parking,2.6,Exp.,,2.6,EUR,2.6
26/12/2024,Swedbank,ğŸ¿ Food/Snacks,,,3.77,Exp.,Kfc,3.77,EUR,3.77
26/12/2024,Revolut,Other,,,0.47,Income,Afreen apu,0.47,EUR,0.47
26/12/2024,Wolt,ğŸšš Bolt Wolt,,,3.1,Income,,3.1,EUR,3.1
26/12/2024,Cash,Revolut,,,10,Transfer-In,Fahim,10,EUR,10
26/12/2024,Revolut,Cash,,,10,Transfer-Out,Fahim,10,EUR,10
26/12/2024,Cash,Bolt,,,69.34,Transfer-In,,69.34,EUR,69.34
26/12/2024,Bolt,Cash,,,69.34,Transfer-Out,,69.34,EUR,69.34
26/12/2024,Cash,ğŸšš Bolt Wolt,,,0.66,Income,,0.66,EUR,0.66
26/12/2024,Bolt,ğŸšš Bolt Wolt,,,19.28,Income,,19.28,EUR,19.28
26/12/2024,Revolut,ğŸš¬ Smoke,,,1.93,Exp.,,1.93,EUR,1.93
26/12/2024,Cash,ğŸš¬ Smoke,,,7.77,Exp.,,7.77,EUR,7.77
25/12/2024,Swedbank,â˜•ï¸ Coffee,,Fleetfox,1.39,Exp.,,1.39,EUR,1.39
25/12/2024,Swedbank,ğŸš• Prius,,,16.28,Exp.,Registration,16.28,EUR,16.28
25/12/2024,Swedbank,ğŸš¬ Smoke,,,5.9,Exp.,,5.9,EUR,5.9
25/12/2024,Swedbank,ğŸš– Transport,,Parking,1.2,Exp.,,1.2,EUR,1.2
25/12/2024,Swedbank,ğŸš¬ Smoke,,Delivery Job,6.09,Exp.,,6.09,EUR,6.09
25/12/2024,Cash,Ammu,,,50,Transfer-In,For kunas,50,EUR,50
25/12/2024,Ammu,Cash,,,50,Transfer-Out,For kunas,50,EUR,50
25/12/2024,Revolut,Cash,,,18,Transfer-In,,18,EUR,18
25/12/2024,Cash,Revolut,,,18,Transfer-Out,,18,EUR,18
25/12/2024,Cash,Bolt Wolt,,,14.86,Exp.,Fuel,14.86,EUR,14.86
24/12/2024,Wolt,ğŸšš Bolt Wolt,,,33.89,Income,,33.89,EUR,33.89
24/12/2024,Bolt,ğŸšš Bolt Wolt,,,5.51,Income,,5.51,EUR,5.51
23/12/2024,Ammu,Revolut,,,150,Transfer-In,,150,EUR,150
23/12/2024,Revolut,Ammu,,,150,Transfer-Out,,150,EUR,150
23/12/2024,Revolut,Swedbank,,,133.11,Transfer-In,,133.11,EUR,133.11
23/12/2024,Swedbank,Revolut,,,133.11,Transfer-Out,,133.11,EUR,133.11
23/12/2024,Revolut,ğŸ›’ Grocery ,,,11.5,Exp.,,11.5,EUR,11.5
23/12/2024,Revolut,Ammu,,,25,Transfer-In,,25,EUR,25
23/12/2024,Ammu,Revolut,,,25,Transfer-Out,,25,EUR,25
23/12/2024,Revolut,Other,,Balancing,0.3,Exp.,,0.3,EUR,0.3
23/12/2024,Wolt,ğŸšš Bolt Wolt,,,20.01,Income,,20.01,EUR,20.01
23/12/2024,Bolt,ğŸšš Bolt Wolt,,,52.5,Income,,52.5,EUR,52.5
23/12/2024,Cash,ğŸ¿ Food/Snacks,,Delivery Job,8.58,Exp.,,8.58,EUR,8.58
23/12/2024,Cash,Bolt Wolt,,Fuel,31.25,Exp.,,31.25,EUR,31.25
23/12/2024,Cash,Other,,Balancing,0.88,Income,,0.88,EUR,0.88
23/12/2024,Cash,Bolt,,,10.74,Transfer-In,,10.74,EUR,10.74
23/12/2024,Bolt,Cash,,,10.74,Transfer-Out,,10.74,EUR,10.74
23/12/2024,Swedbank,Other,,Balancing,4.8,Income,,4.8,EUR,4.8
23/12/2024,Swedbank,Bolt,,,43.86,Transfer-In,,43.86,EUR,43.86
23/12/2024,Bolt,Swedbank,,,43.86,Transfer-Out,,43.86,EUR,43.86
22/12/2024,Swedbank,Wolt,,,95.06,Transfer-In,,95.06,EUR,95.06
22/12/2024,Wolt,Swedbank,,,95.06,Transfer-Out,,95.06,EUR,95.06
22/12/2024,Wolt,ğŸšš Bolt Wolt,,,4.2,Income,,4.2,EUR,4.2
22/12/2024,Bolt,ğŸšš Bolt Wolt,,,13.64,Income,,13.64,EUR,13.64
22/12/2024,Cash,ğŸšš Bolt Wolt,,Tips,1.59,Income,,1.59,EUR,1.59
22/12/2024,Cash,Bolt,,,31.41,Transfer-In,,31.41,EUR,31.41
22/12/2024,Bolt,Cash,,,31.41,Transfer-Out,,31.41,EUR,31.41
22/12/2024,Swedbank,â¤ï¸ Muse,,,27.99,Exp.,Coffee jammi and others,27.99,EUR,27.99
22/12/2024,Cash,ğŸš¬ Smoke,,,3.8,Exp.,,3.8,EUR,3.8
21/12/2024,Cash,ğŸšš Bolt Wolt,,Tips,0.07,Income,,0.07,EUR,0.07
21/12/2024,Cash,Bolt,,,1.63,Transfer-In,,1.63,EUR,1.63
21/12/2024,Bolt,Cash,,,1.63,Transfer-Out,,1.63,EUR,1.63
21/12/2024,Bolt,ğŸšš Bolt Wolt,,,4.29,Income,,4.29,EUR,4.29
21/12/2024,Swedbank,ğŸ¿ Food/Snacks,,,6.61,Exp.,Jammi,6.61,EUR,6.61
21/12/2024,Cash,ğŸš• Prius,,,6,Exp.,Clean and purfume,6,EUR,6
21/12/2024,Cash,Bolt Wolt,,Fuel,37.78,Exp.,,37.78,EUR,37.78
20/12/2024,Swedbank,ğŸš¬ Smoke,,Vape,7.49,Exp.,,7.49,EUR,7.49
20/12/2024,Swedbank,ğŸ¿ Food/Snacks,,Delivery Job,8.58,Exp.,,8.58,EUR,8.58
20/12/2024,Cash,â˜•ï¸ Coffee,,,2,Exp.,Library coffee,2,EUR,2
20/12/2024,Cash,Other,,Balancing,0.54,Income,,0.54,EUR,0.54
20/12/2024,Cash,ğŸšš Bolt Wolt,,,0.66,Income,Cash order tips,0.66,EUR,0.66
20/12/2024,Cash,Bolt,,,15.34,Transfer-In,,15.34,EUR,15.34
20/12/2024,Bolt,Cash,,,15.34,Transfer-Out,,15.34,EUR,15.34
20/12/2024,Swedbank,ğŸš• Prius,,Insurance,25.42,Exp.,,25.42,EUR,25.42
20/12/2024,Bolt,ğŸšš Bolt Wolt,,,39.14,Income,,39.14,EUR,39.14
20/12/2024,Wolt,ğŸšš Bolt Wolt,,,36.01,Income,,36.01,EUR,36.01
19/12/2024,Bolt,ğŸšš Bolt Wolt,,,3.48,Income,,3.48,EUR,3.48
19/12/2024,Swedbank,ğŸ§¥ Apparel,,Temu,33.43,Exp.,,33.43,EUR,33.43
19/12/2024,Swedbank,ğŸš• Prius,,,0.28,Exp.,Printing deed,0.28,EUR,0.28
19/12/2024,Swedbank,ğŸš¬ Smoke,,,5.15,Exp.,,5.15,EUR,5.15
19/12/2024,Ammu,ğŸš• Prius,,Prius Car,2000,Exp.,,2000,EUR,2000
18/12/2024,Wolt,ğŸšš Bolt Wolt,,,10.26,Income,,10.26,EUR,10.26
18/12/2024,Bolt,ğŸšš Bolt Wolt,,,11.75,Income,,11.75,EUR,11.75
18/12/2024,Fleetfox,ğŸ¦Š Fleetfox ,,,26,Income,Lead time,26,EUR,26
18/12/2024,Swedbank,â˜•ï¸ Coffee,,Fleetfox,1.39,Exp.,Lead coffee,1.39,EUR,1.39
18/12/2024,Swedbank,ğŸš¬ Smoke,,,3.8,Exp.,,3.8,EUR,3.8
18/12/2024,Swedbank,Bolt Wolt,,,37.28,Exp.,Fuel,37.28,EUR,37.28
18/12/2024,Swedbank,ğŸ­Treats,,,7.78,Exp.,Language class secret santa,7.78,EUR,7.78
18/12/2024,Swedbank,ğŸš– Transport,,Parking,3.2,Exp.,,3.2,EUR,3.2
17/12/2024,Wolt,ğŸšš Bolt Wolt,,,13.21,Income,,13.21,EUR,13.21
17/12/2024,Bolt,ğŸšš Bolt Wolt,,,18.3,Income,,18.3,EUR,18.3
17/12/2024,Cash,ğŸšš Bolt Wolt,,,0.29,Income,Cash delivery tips,0.29,EUR,0.29
17/12/2024,Swedbank,ğŸª‘ Household,,,29.99,Exp.,Pillow,29.99,EUR,29.99
17/12/2024,Swedbank,ğŸ¿ Food/Snacks,,Delivery Job,1.29,Exp.,Lays chips,1.29,EUR,1.29
17/12/2024,Swedbank,ğŸ§¥ Apparel,,Temu,7.39,Exp.,Temu socks and cap,7.39,EUR,7.39
17/12/2024,Swedbank,ğŸš¬ Smoke,,,5.9,Exp.,Kaunas,5.9,EUR,5.9
17/12/2024,Swedbank,ğŸ¿ Food/Snacks,,Fleetfox,5.88,Exp.,Kaunas,5.88,EUR,5.88
17/12/2024,Cash,Bolt,,,14.71,Transfer-In,Cash order,14.71,EUR,14.71
17/12/2024,Bolt,Cash,,,14.71,Transfer-Out,Cash order,14.71,EUR,14.71
17/12/2024,Fleetfox,ğŸ¦Š Fleetfox ,,,48,Income,Kaunas Trip,48,EUR,48
16/12/2024,Swedbank,Wolt,,,178.48,Transfer-In,Weekly payout,178.48,EUR,178.48
16/12/2024,Wolt,Swedbank,,,178.48,Transfer-Out,Weekly payout,178.48,EUR,178.48
16/12/2024,Wolt,ğŸšš Bolt Wolt,,,31.38,Income,,31.38,EUR,31.38
16/12/2024,Bolt,ğŸšš Bolt Wolt,,,15.35,Income,,15.35,EUR,15.35
16/12/2024,Swedbank,ğŸ­Treats,,,4.9,Exp.,Vedya jammi,4.9,EUR,4.9
16/12/2024,Swedbank,ğŸ¿ Food/Snacks,,,4.9,Exp.,Jammi kebab,4.9,EUR,4.9
16/12/2024,Revolut,Ammu,,,43,Transfer-In,,43,EUR,43
16/12/2024,Ammu,Revolut,,,43,Transfer-Out,,43,EUR,43
16/12/2024,Revolut,ğŸ¿ Food/Snacks,,,1.99,Exp.,Plus plus,1.99,EUR,1.99
16/12/2024,Revolut,Bolt Wolt,,Delivery Job,8.6,Exp.,Kinda balancing Gas and snacks,8.6,EUR,8.6
16/12/2024,Revolut,ğŸš¬ Smoke,,,5.15,Exp.,,5.15,EUR,5.15
16/12/2024,Revolut,Bolt Wolt,,,18.67,Exp.,,18.67,EUR,18.67
16/12/2024,Revolut,â˜•ï¸ Coffee,,,1.39,Exp.,,1.39,EUR,1.39
16/12/2024,Swedbank,Bolt,,,134.62,Transfer-In,Weekly payout,134.62,EUR,134.62
16/12/2024,Bolt,Swedbank,,,134.62,Transfer-Out,Weekly payout,134.62,EUR,134.62
15/12/2024,Revolut,Bolt Wolt,,Delivery Job,3.59,Exp.,Gas,3.59,EUR,3.59
15/12/2024,Wolt,ğŸšš Bolt Wolt,,,15.23,Income,,15.23,EUR,15.23
15/12/2024,Revolut,Ammu,,,116,Transfer-In,,116,EUR,116
15/12/2024,Ammu,Revolut,,,116,Transfer-Out,,116,EUR,116
15/12/2024,Cash,Bolt Wolt,,Delivery Job,6,Exp.,Fuel,6,EUR,6
15/12/2024,Revolut,Bolt Wolt,,Delivery Job,2.92,Exp.,,2.92,EUR,2.92
15/12/2024,Bolt,ğŸšš Bolt Wolt,,,33.54,Income,,33.54,EUR,33.54
14/12/2024,Revolut,â˜•ï¸ Coffee,,,7.1,Exp.,Tamara coffee,7.1,EUR,7.1
13/12/2024,Fleetfox,ğŸ¦Š Fleetfox ,,,170.29,Income,Till date,170.29,EUR,170.29
13/12/2024,Revolut,ğŸ¹ Party and Beer,,,24,Exp.,Sparta plÅ«s and trinity,24,EUR,24
13/12/2024,Revolut,ğŸš– Transport,,,6.4,Exp.,To hone,6.4,EUR,6.4
13/12/2024,Revolut,ğŸš¬ Smoke,,,5.9,Exp.,Party cigarettes,5.9,EUR,5.9
13/12/2024,Revolut,ğŸ¿ Food/Snacks,,,5,Exp.,Sparta bar chips,5,EUR,5
13/12/2024,Revolut,â˜•ï¸ Coffee,,,1.49,Exp.,Class coffee,1.49,EUR,1.49
13/12/2024,Revolut,ğŸ¿ Food/Snacks,,,2.79,Exp.,Class food noodles,2.79,EUR,2.79
13/12/2024,Revolut,ğŸ­Treats,,,3.65,Exp.,Fleet lead,3.65,EUR,3.65
13/12/2024,Wolt,ğŸšš Bolt Wolt,,Delivery Job,6.41,Income,,6.41,EUR,6.41
13/12/2024,Bolt,ğŸšš Bolt Wolt,,Delivery Job,6.55,Income,,6.55,EUR,6.55
12/12/2024,Revolut,ğŸ¿ Food/Snacks,,Delivery Job,1.7,Exp.,Kfc,1.7,EUR,1.7
12/12/2024,Revolut,Bolt Wolt,,Delivery Job,3.61,Exp.,,3.61,EUR,3.61
12/12/2024,Revolut,ğŸš¬ Smoke,,,8.95,Exp.,,8.95,EUR,8.95
12/12/2024,Revolut,ğŸ§¥ Apparel,,Online Shopping,40.12,Exp.,Temu,40.12,EUR,40.12
12/12/2024,Revolut,ğŸš– Transport,,Public Transportation,5.2,Exp.,,5.2,EUR,5.2
12/12/2024,Revolut,Other,,Balancing,1.58,Exp.,,1.58,EUR,1.58
12/12/2024,Cash,Bolt,,Delivery Job,30.4,Transfer-In,,30.4,EUR,30.4
12/12/2024,Bolt,Cash,,Delivery Job,30.4,Transfer-Out,,30.4,EUR,30.4
12/12/2024,Cash,Other,,Balancing,4.6,Income,,4.6,EUR,4.6
12/12/2024,Cash,Ammu,,,10,Transfer-In,,10,EUR,10
12/12/2024,Ammu,Cash,,,10,Transfer-Out,,10,EUR,10
12/12/2024,Ammu,Other,,Balancing,29.41,Income,,29.41,EUR,29.41
12/12/2024,Cash,ğŸšš Bolt Wolt,,Delivery Job,2.25,Income,,2.25,EUR,2.25
11/12/2024,Cash,ğŸ‘¬ğŸ» Social Life,,Quiz,2,Exp.,Quiz,2,EUR,2
11/12/2024,Cash,ğŸ¿ Food/Snacks,,,9.6,Exp.,Quiz,9.6,EUR,9.6
11/12/2024,Cash,Bolt Wolt,,Delivery Job,4.3,Exp.,Abir gas due,4.3,EUR,4.3
11/12/2024,Wolt,ğŸšš Bolt Wolt,,Delivery Job,48.58,Income,,48.58,EUR,48.58
11/12/2024,Bolt,ğŸšš Bolt Wolt,,Delivery Job,28.92,Income,,28.92,EUR,28.92
10/12/2024,Revolut,ğŸš¬ Smoke,,,10,Exp.,Weed,10,EUR,10
10/12/2024,Revolut,ğŸš¬ Smoke,,,5.15,Exp.,,5.15,EUR,5.15
10/12/2024,Revolut,Bolt Wolt,,Delivery Job,8,Exp.,Gaa,8,EUR,8
10/12/2024,Revolut,ğŸ¿ Food/Snacks,,Delivery Job,2.98,Exp.,Coke vanilla and energy drink,2.98,EUR,2.98
10/12/2024,Revolut,Ammu,,,27,Transfer-In,,27,EUR,27
10/12/2024,Ammu,Revolut,,,27,Transfer-Out,,27,EUR,27
10/12/2024,Revolut,Bolt Wolt,,Delivery Job,2.48,Exp.,,2.48,EUR,2.48
10/12/2024,Revolut,ğŸš¬ Smoke,,Delivery Job,3.8,Exp.,,3.8,EUR,3.8
10/12/2024,Revolut,Ammu,,,10,Transfer-In,For bolt,10,EUR,10
10/12/2024,Ammu,Revolut,,,10,Transfer-Out,For bolt,10,EUR,10
10/12/2024,Ammu,Swedbank,,,284.49,Transfer-In,Loan return,284.49,EUR,284.49
10/12/2024,Swedbank,Ammu,,,284.49,Transfer-Out,Loan return,284.49,EUR,284.49
10/12/2024,Swedbank,ğŸ¦Š Fleetfox ,,Fleetfox,282.82,Income,,282.82,EUR,282.82
10/12/2024,Wolt,ğŸšš Bolt Wolt,,Delivery Job,36.19,Income,,36.19,EUR,36.19
10/12/2024,Bolt,ğŸšš Bolt Wolt,,Delivery Job,48.64,Income,,48.64,EUR,48.64
09/12/2024,Revolut,Ammu,,,73,Transfer-In,Delivery,73,EUR,73
09/12/2024,Ammu,Revolut,,,73,Transfer-Out,Delivery,73,EUR,73
09/12/2024,Swedbank,ğŸ¿ Food/Snacks,,Delivery Job,3,Exp.,Drinks,3,EUR,3
09/12/2024,Swedbank,ğŸ¿ Food/Snacks,,Delivery Job,1.5,Exp.,Food,1.5,EUR,1.5
09/12/2024,Swedbank,Bolt Wolt,,Delivery Job,5.57,Exp.,Fuel,5.57,EUR,5.57
09/12/2024,Swedbank,ğŸš¬ Smoke,,Delivery Job,5.9,Exp.,,5.9,EUR,5.9
09/12/2024,Revolut,Bolt Wolt,,Delivery Job,12.1,Exp.,Fuel,12.1,EUR,12.1
09/12/2024,Revolut,Bolt Wolt,,Delivery Job,55,Exp.,Weekly ren,55,EUR,55
09/12/2024,Wolt,ğŸšš Bolt Wolt,,Delivery Job,20.57,Income,,20.57,EUR,20.57
09/12/2024,Bolt,ğŸšš Bolt Wolt,,Delivery Job,47.37,Income,,47.37,EUR,47.37
09/12/2024,Swedbank,Bolt,,Delivery Job,18.94,Transfer-In,,18.94,EUR,18.94
09/12/2024,Bolt,Swedbank,,Delivery Job,18.94,Transfer-Out,,18.94,EUR,18.94
09/12/2024,Revolut,Other,,Balancing,35.05,Income,,35.05,EUR,35.05
09/12/2024,Swedbank,Other,,Balancing,3.28,Income,,3.28,EUR,3.28
08/12/2024,Revolut,Bolt Wolt,,,6,Exp.,Food for job,6,EUR,6
08/12/2024,Wolt,ğŸšš Bolt Wolt,,Delivery Job,51.5,Income,,51.5,EUR,51.5
08/12/2024,Bolt,ğŸšš Bolt Wolt,,Delivery Job,18.94,Income,,18.94,EUR,18.94
08/12/2024,Revolut,Bolt Wolt,,Delivery Job,9.86,Exp.,,9.86,EUR,9.86
08/12/2024,Revolut,Ammu,,Delivery Job,9,Transfer-In,Bolt wolt,9,EUR,9
08/12/2024,Ammu,Revolut,,Delivery Job,9,Transfer-Out,Bolt wolt,9,EUR,9
07/12/2024,Revolut,ğŸ¹ Party and Beer,,,9.4,Exp.,Plus plus meetup,9.4,EUR,9.4
07/12/2024,Revolut,Ammu,,,10,Transfer-In,Plus plus,10,EUR,10
07/12/2024,Ammu,Revolut,,,10,Transfer-Out,Plus plus,10,EUR,10
07/12/2024,Revolut,ğŸš¬ Smoke,,,3.8,Exp.,,3.8,EUR,3.8
06/12/2024,Revolut,Subscription ,,Apple Storage,2.99,Exp.,,2.99,EUR,2.99
06/12/2024,Revolut,ğŸš– Transport,,,6.34,Exp.,Soark to uni,6.34,EUR,6.34
05/12/2024,Revolut,ğŸ’µ Petty cash,,,10,Income,Sourov given,10,EUR,10
05/12/2024,Revolut,â˜•ï¸ Coffee,,,1.49,Exp.,University classes,1.49,EUR,1.49
05/12/2024,Revolut,ğŸš– Transport,,,5.23,Exp.,Spark from narmin to home,5.23,EUR,5.23
04/12/2024,Revolut,Ethos 24,,,20,Transfer-In,Hridoy bhai eu dorm,20,EUR,20
04/12/2024,Ethos 24,Revolut,,,20,Transfer-Out,Hridoy bhai eu dorm,20,EUR,20
04/12/2024,Revolut,ğŸ‘¬ğŸ» Social Life,,,10,Exp.,Narmin Quiz,10,EUR,10
03/12/2024,Revolut,ğŸš¬ Smoke,,,5.15,Exp.,,5.15,EUR,5.15
03/12/2024,Revolut,â˜•ï¸ Coffee,,Fleetfox,1.39,Exp.,,1.39,EUR,1.39
03/12/2024,Revolut,Ammu,,,7,Transfer-In,,7,EUR,7
03/12/2024,Ammu,Revolut,,,7,Transfer-Out,,7,EUR,7
02/12/2024,Revolut,â˜•ï¸ Coffee,,Fleetfox,2.99,Exp.,,2.99,EUR,2.99
02/12/2024,Revolut,ğŸš¬ Smoke,,,2.99,Exp.,,2.99,EUR,2.99
02/12/2024,Swedbank,Subscription ,,,1.3,Exp.,Bank charges,1.3,EUR,1.3
02/12/2024,Swedbank,â˜•ï¸ Coffee,,,1.49,Exp.,,1.49,EUR,1.49
02/12/2024,Swedbank,ğŸš– Transport,,,2,Exp.,Spark,2,EUR,2
01/12/2024,Revolut,ğŸª‘ Household,,Rent December,252,Exp.,With utility,252,EUR,252
01/12/2024,Revolut,â¤ï¸ Pori,,,5.59,Exp.,Coke,5.59,EUR,5.59
01/12/2024,Revolut,ğŸš– Transport,,,5.6,Exp.,Pori,5.6,EUR,5.6
01/12/2024,Revolut,Swedbank,,,4.23,Transfer-In,,4.23,EUR,4.23
01/12/2024,Swedbank,Revolut,,,4.23,Transfer-Out,,4.23,EUR,4.23
01/12/2024,Revolut,Ammu,,,10,Transfer-In,Pori,10,EUR,10
01/12/2024,Ammu,Revolut,,,10,Transfer-Out,Pori,10,EUR,10
30/11/2024,Revolut,ğŸ¹ Party and Beer,,,10,Exp.,With pori,10,EUR,10
30/11/2024,Revolut,â¤ï¸ Pori,,,5,Exp.,Bracelet,5,EUR,5
30/11/2024,Revolut,Ammu,,,13,Transfer-In,,13,EUR,13
30/11/2024,Ammu,Revolut,,,13,Transfer-Out,,13,EUR,13
29/11/2024,Swedbank,ğŸ›’ Grocery ,,,1.59,Exp.,Eggs,1.59,EUR,1.59
29/11/2024,Swedbank,ğŸ¿ Food/Snacks,,,4.5,Exp.,I donâ€™t know,4.5,EUR,4.5
27/11/2024,Revolut,ğŸ¹ Party and Beer,,,4,Exp.,,4,EUR,4
27/11/2024,Ammu,Sourov,,,350,Transfer-In,,350,EUR,350
27/11/2024,Sourov,Ammu,,,350,Transfer-Out,,350,EUR,350
27/11/2024,Revolut,Ammu,,,2,Transfer-In,,2,EUR,2
27/11/2024,Ammu,Revolut,,,2,Transfer-Out,,2,EUR,2
26/11/2024,Revolut,Ammu,,Loan,150,Transfer-In,Rent,150,EUR,150
26/11/2024,Ammu,Revolut,,Loan,150,Transfer-Out,Rent,150,EUR,150
26/11/2024,Revolut,Ammu,,Rent Loan,252,Transfer-In,,252,EUR,252
26/11/2024,Ammu,Revolut,,Rent Loan,252,Transfer-Out,,252,EUR,252
26/11/2024,Revolut,ğŸ¹ Party and Beer,,Snukutis,7.5,Exp.,,7.5,EUR,7.5
26/11/2024,Revolut,ğŸ›’ Grocery ,,,21.49,Exp.,,21.49,EUR,21.49
26/11/2024,Ammu,Sourov,,Loan Return,180,Transfer-In,,180,EUR,180
26/11/2024,Sourov,Ammu,,Loan Return,180,Transfer-Out,,180,EUR,180
26/11/2024,Revolut,ğŸš¬ Smoke,,,2.99,Exp.,,2.99,EUR,2.99
26/11/2024,Swedbank,ğŸ¿ Food/Snacks,,,2.8,Exp.,I dont know,2.8,EUR,2.8
26/11/2024,Swedbank,ğŸ¿ Food/Snacks,,Poronin,18.98,Exp.,Kfc,18.98,EUR,18.98
26/11/2024,Swedbank,ğŸ¿ Food/Snacks,,Poronin,3.29,Exp.,,3.29,EUR,3.29
26/11/2024,Swedbank,ğŸš¬ Smoke,,Poronin,16.89,Exp.,,16.89,EUR,16.89
25/11/2024,Swedbank,ğŸ¹ Party and Beer,,Poronin,22.88,Exp.,,22.88,EUR,22.88
24/11/2024,Revolut,ğŸ Gift,,Poronin,3.5,Exp.,Fridge magnets,3.5,EUR,3.5
24/11/2024,Revolut,ğŸ¿ Food/Snacks,,Poronin,9.34,Exp.,Kfc,9.34,EUR,9.34
24/11/2024,Revolut,ğŸ¿ Food/Snacks,,Poronin,1.06,Exp.,,1.06,EUR,1.06
23/11/2024,Revolut,ğŸ‘¬ğŸ» Social Life,,Poronin,26.17,Exp.,,26.17,EUR,26.17
21/11/2024,Wise,ğŸ¹ Party and Beer,,Poronin,39.74,Exp.,,39.74,EUR,39.74
21/11/2024,Swedbank,ğŸ¹ Party and Beer,,Poronin,23.68,Exp.,Water Park,23.68,EUR,23.68
21/11/2024,Revolut,Swedbank,,,61.1,Transfer-In,,61.1,EUR,61.1
21/11/2024,Swedbank,Revolut,,,61.1,Transfer-Out,,61.1,EUR,61.1
21/11/2024,Swedbank,Wise,,,25.8,Transfer-In,,25.8,EUR,25.8
21/11/2024,Wise,Swedbank,,,25.8,Transfer-Out,,25.8,EUR,25.8
21/11/2024,Swedbank,ğŸš¬ Smoke,,Poronin,10,Exp.,,10,EUR,10
20/11/2024,Revolut,ğŸ‘¬ğŸ» Social Life,,Poronin,1.14,Exp.,,1.14,EUR,1.14
18/11/2024,Swedbank,ğŸ¹ Party and Beer,,Poronin,33.8,Exp.,,33.8,EUR,33.8
18/11/2024,Swedbank,ğŸšš Bolt Wolt,,,51.17,Income,Bolt Wolt,51.17,EUR,51.17
18/11/2024,Swedbank,ğŸš¬ Smoke,,Poronin,17.42,Exp.,,17.42,EUR,17.42
17/11/2024,Revolut,ğŸ¿ Food/Snacks,,Poronin,7.44,Exp.,,7.44,EUR,7.44
17/11/2024,Revolut,ğŸ¿ Food/Snacks,,,2.35,Exp.,Water Poland,2.35,EUR,2.35
17/11/2024,Swedbank,ğŸ§˜ğŸ¼ Health,,,11.4,Exp.,Razor Shampoo Oil,11.4,EUR,11.4
17/11/2024,Swedbank,Bolt Wolt,,Coffee,5.25,Exp.,,5.25,EUR,5.25
17/11/2024,Swedbank,Bolt Wolt,,,16.21,Exp.,With fahim,16.21,EUR,16.21
13/11/2024,Revolut,ğŸš¬ Smoke,,,4.66,Exp.,,4.66,EUR,4.66
12/11/2024,Swedbank,ğŸš¬ Smoke,,,3.8,Exp.,,3.8,EUR,3.8
12/11/2024,Swedbank,ğŸš¬ Smoke,,,5.15,Exp.,,5.15,EUR,5.15
12/11/2024,Revolut,â˜•ï¸ Coffee,,,1.4,Exp.,,1.4,EUR,1.4
12/11/2024,Revolut,Other,,Balancing,41.19,Exp.,,41.19,EUR,41.19
12/11/2024,Sourov,Revolut,,Balancing,7.41,Transfer-In,,7.41,EUR,7.41
12/11/2024,Revolut,Sourov,,Balancing,7.41,Transfer-Out,,7.41,EUR,7.41
12/11/2024,Revolut,â˜•ï¸ Coffee,,Fleetfox,2.99,Exp.,,2.99,EUR,2.99
12/11/2024,Revolut,ğŸš– Transport,,Public Transportation,5.8,Exp.,,5.8,EUR,5.8
12/11/2024,Revolut,â¤ï¸ Muse,,,2.2,Exp.,,2.2,EUR,2.2
10/11/2024,Revolut,ğŸ¿ Food/Snacks,,,4.74,Exp.,,4.74,EUR,4.74
10/11/2024,Revolut,â˜•ï¸ Coffee,,,1.49,Exp.,,1.49,EUR,1.49
10/11/2024,Revolut,ğŸ›’ Grocery ,,,1.65,Exp.,,1.65,EUR,1.65
10/11/2024,Revolut,ğŸš¬ Smoke,,,4.29,Exp.,Lighter fuel,4.29,EUR,4.29
10/11/2024,Revolut,ğŸš¬ Smoke,,,3.8,Exp.,,3.8,EUR,3.8
10/11/2024,Revolut,ğŸ‘¬ğŸ» Social Life,,Darts Billiards,3.33,Exp.,,3.33,EUR,3.33
10/11/2024,Revolut,ğŸ¹ Party and Beer,,Darts Billiards,20.5,Exp.,,20.5,EUR,20.5
09/11/2024,Revolut,ğŸš– Transport,,,2.03,Exp.,Bolt to uni,2.03,EUR,2.03
09/11/2024,Revolut,ğŸ›’ Grocery ,,,3.56,Exp.,,3.56,EUR,3.56
08/11/2024,Revolut,ğŸ›’ Grocery ,,,26.08,Exp.,Golam rabbi due,26.08,EUR,26.08
08/11/2024,Revolut,Golam Rabbi,,,22.65,Transfer-In,,22.65,EUR,22.65
08/11/2024,Golam Rabbi,Revolut,,,22.65,Transfer-Out,,22.65,EUR,22.65
08/11/2024,Revolut,Sourov,,,66.33,Transfer-In,,66.33,EUR,66.33
08/11/2024,Sourov,Revolut,,,66.33,Transfer-Out,,66.33,EUR,66.33
08/11/2024,Revolut,â˜•ï¸ Coffee,,Fleetfox,3.19,Exp.,,3.19,EUR,3.19
08/11/2024,Revolut,ğŸ¿ Food/Snacks,,Fleetfox,5.19,Exp.,,5.19,EUR,5.19
08/11/2024,Revolut,ğŸš¬ Smoke,,,3.8,Exp.,,3.8,EUR,3.8
08/11/2024,Revolut,â˜•ï¸ Coffee,,,1.49,Exp.,,1.49,EUR,1.49
07/11/2024,Swedbank,â˜•ï¸ Coffee,,,2.39,Exp.,,2.39,EUR,2.39
07/11/2024,Swedbank,Subscription ,,,1.47,Exp.,Bank Charges,1.47,EUR,1.47
07/11/2024,Swedbank,ğŸ¦Š Fleetfox ,,Fleetfox,190.07,Income,,190.07,EUR,190.07
07/11/2024,Revolut,Other,,Balancing,1,Exp.,,1,EUR,1
07/11/2024,Sourov,Ammu,,,350,Transfer-In,Car parts,350,EUR,350
07/11/2024,Ammu,Sourov,,,350,Transfer-Out,Car parts,350,EUR,350
07/11/2024,Revolut,ğŸš¬ Smoke,,,0.74,Exp.,,0.74,EUR,0.74
07/11/2024,Revolut,Subscription ,,Apple Storage,2.99,Exp.,,2.99,EUR,2.99
06/11/2024,Golam Rabbi,Revolut,,,14.28,Transfer-In,Meeting Old Town,14.28,EUR,14.28
06/11/2024,Revolut,Golam Rabbi,,,14.28,Transfer-Out,Meeting Old Town,14.28,EUR,14.28
06/11/2024,Revolut,ğŸ¿ Food/Snacks,,,2.99,Exp.,Maxima croissant,2.99,EUR,2.99
06/11/2024,Revolut,ğŸ¹ Party and Beer,,,2.39,Exp.,JD coke,2.39,EUR,2.39
06/11/2024,Revolut,ğŸš¬ Smoke,,,2.99,Exp.,,2.99,EUR,2.99
06/11/2024,Revolut,â˜•ï¸ Coffee,,Fleetfox,2.39,Exp.,,2.39,EUR,2.39
04/11/2024,Revolut,ğŸ¹ Party and Beer,,,9.29,Exp.,Plus after class,9.29,EUR,9.29
03/11/2024,Revolut,ğŸš¬ Smoke,,,5.15,Exp.,,5.15,EUR,5.15
01/11/2024,Ammu,ğŸš¦Violation,,,40,Exp.,Parking Ticket,40,EUR,40
01/11/2024,Ammu,Sourov,,,180,Transfer-Out,Rent November,180,EUR,180
01/11/2024,Ammu,ğŸª‘ Household,,Rent November,70,Exp.,,70,EUR,70
01/11/2024,Sourov,Ammu,,,180,Transfer-In,Rent November,180,EUR,180
01/11/2024,Ammu,ğŸ’¸ My Loan,,For Car,3700,Income,,3700,EUR,3700
01/11/2024,Cash,ğŸª‘ Household,,Rent November,110,Exp.,,110,EUR,110
01/11/2024,Golam Rabbi,Other,,Balancing,33.29,Income,,33.29,EUR,33.29
31/10/2024,Revolut,ğŸ¹ Party and Beer,,,4.5,Exp.,Old town plus plus waiting,4.5,EUR,4.5
31/10/2024,Revolut,â¤ï¸ Muse,,,14.77,Exp.,Birthday,14.77,EUR,14.77
31/10/2024,Revolut,ğŸš¬ Smoke,,,5.15,Exp.,,5.15,EUR,5.15
31/10/2024,Revolut,ğŸ›’ Grocery ,,,6.08,Exp.,Idk,6.08,EUR,6.08
31/10/2024,Sourov,Revolut,,,8.58,Transfer-In,Ruku ticket,8.58,EUR,8.58
31/10/2024,Revolut,Sourov,,,8.58,Transfer-Out,Ruku ticket,8.58,EUR,8.58
31/10/2024,Revolut,â˜•ï¸ Coffee,,Fleetfox,2.39,Exp.,,2.39,EUR,2.39
30/10/2024,Revolut,â˜•ï¸ Coffee,,Fleetfox,2.99,Exp.,,2.99,EUR,2.99
29/10/2024,Golam Rabbi,Revolut,,,65.87,Transfer-Out,,65.87,EUR,65.87
29/10/2024,Revolut,â˜•ï¸ Coffee,,Fleetfox,2.39,Exp.,,2.39,EUR,2.39
29/10/2024,Revolut,Golam Rabbi,,,65.87,Transfer-In,,65.87,EUR,65.87
29/10/2024,Revolut,ğŸš¬ Smoke,,,19,Exp.,E-Cigarettes,19,EUR,19
28/10/2024,Revolut,â˜•ï¸ Coffee,,Fleetfox,3.29,Exp.,,3.29,EUR,3.29
27/10/2024,Revolut,â˜•ï¸ Coffee,,,2,Exp.,,2,EUR,2
27/10/2024,Revolut,ğŸš¬ Smoke,,,9.9,Exp.,,9.9,EUR,9.9
26/10/2024,Revolut,ğŸ¹ Party and Beer,,,3.6,Exp.,,3.6,EUR,3.6
26/10/2024,Revolut,ğŸš¬ Smoke,,,5.15,Exp.,,5.15,EUR,5.15
25/10/2024,Sourov,Revolut,,,31,Transfer-In,Car red light,31,EUR,31
25/10/2024,Revolut,Sourov,,,31,Transfer-Out,Car red light,31,EUR,31
25/10/2024,Sourov,Revolut,,,3.95,Transfer-In,Ruku train,3.95,EUR,3.95
25/10/2024,Revolut,Sourov,,,3.95,Transfer-Out,Ruku train,3.95,EUR,3.95
24/10/2024,Revolut,ğŸ¿ Food/Snacks,,,1.18,Exp.,,1.18,EUR,1.18
24/10/2024,Revolut,ğŸš¬ Smoke,,,5.15,Exp.,,5.15,EUR,5.15
24/10/2024,Revolut,â˜•ï¸ Coffee,,,1.49,Exp.,,1.49,EUR,1.49
23/10/2024,Golam Rabbi,Revolut,,,10,Transfer-In,,10,EUR,10
23/10/2024,Revolut,Golam Rabbi,,,10,Transfer-Out,,10,EUR,10
23/10/2024,Revolut,â˜•ï¸ Coffee,,,2.39,Exp.,,2.39,EUR,2.39
23/10/2024,Cash,ğŸ¹ Party and Beer,,Home drinks,5.17,Exp.,,5.17,EUR,5.17
23/10/2024,Cash,ğŸš¬ Smoke,,,4.9,Exp.,,4.9,EUR,4.9
23/10/2024,Cash,Sourov,,Loan Return,116.9,Transfer-In,,116.9,EUR,116.9
23/10/2024,Sourov,Cash,,Loan Return,116.9,Transfer-Out,,116.9,EUR,116.9
22/10/2024,Sourov,Revolut,,,4.99,Transfer-In,,4.99,EUR,4.99
22/10/2024,Revolut,Sourov,,,4.99,Transfer-Out,,4.99,EUR,4.99
22/10/2024,Golam Rabbi,Revolut,,,4.99,Transfer-In,,4.99,EUR,4.99
22/10/2024,Revolut,Golam Rabbi,,,4.99,Transfer-Out,,4.99,EUR,4.99
22/10/2024,Revolut,ğŸ›’ Grocery ,,,4.99,Exp.,,4.99,EUR,4.99
22/10/2024,Sourov,Revolut,,Haircut,25,Transfer-In,,25,EUR,25
22/10/2024,Revolut,Sourov,,Haircut,25,Transfer-Out,,25,EUR,25
22/10/2024,Revolut,ğŸ’„ Beauty,,Haircut,25,Exp.,,25,EUR,25
21/10/2024,Revolut,ğŸ¹ Party and Beer,,,8.8,Exp.,,8.8,EUR,8.8
21/10/2024,Golam Rabbi,Revolut,,,5.15,Transfer-In,,5.15,EUR,5.15
21/10/2024,Revolut,Golam Rabbi,,,5.15,Transfer-Out,,5.15,EUR,5.15
21/10/2024,Revolut,ğŸš¬ Smoke,,,9.9,Exp.,,9.9,EUR,9.9
20/10/2024,Revolut,Other,,Balancing,5.11,Income,,5.11,EUR,5.11
20/10/2024,Revolut,ğŸ¹ Party and Beer,,Darts Billiards,10.81,Exp.,Needs to be split,10.81,EUR,10.81
20/10/2024,Revolut,ğŸ¹ Party and Beer,,Darts Billiards,19.4,Exp.,,19.4,EUR,19.4
20/10/2024,Revolut,ğŸ¹ Party and Beer,,Litexpo,1.5,Exp.,,1.5,EUR,1.5
20/10/2024,Revolut,ğŸš¬ Smoke,,,5.15,Exp.,,5.15,EUR,5.15
20/10/2024,Sourov,Revolut,,,10.81,Transfer-In,,10.81,EUR,10.81
20/10/2024,Revolut,Sourov,,,10.81,Transfer-Out,,10.81,EUR,10.81
20/10/2024,Golam Rabbi,Revolut,,,10.81,Transfer-In,,10.81,EUR,10.81
20/10/2024,Revolut,Golam Rabbi,,,10.81,Transfer-Out,,10.81,EUR,10.81
19/10/2024,Revolut,ğŸš¬ Smoke,,,5.15,Exp.,,5.15,EUR,5.15
19/10/2024,Revolut,ğŸ¿ Food/Snacks,,Class lunch,1.79,Exp.,,1.79,EUR,1.79
19/10/2024,Revolut,Golam Rabbi,,,23.17,Transfer-In,,23.17,EUR,23.17
19/10/2024,Golam Rabbi,Revolut,,,23.17,Transfer-Out,,23.17,EUR,23.17
19/10/2024,Revolut,â˜•ï¸ Coffee,,,1.5,Exp.,,1.5,EUR,1.5
18/10/2024,Revolut,â¤ï¸ Muse,,,7.98,Exp.,,7.98,EUR,7.98
18/10/2024,Revolut,â¤ï¸ Muse,,,3,Exp.,,3,EUR,3
18/10/2024,Revolut,â¤ï¸ Muse,,,14.38,Exp.,,14.38,EUR,14.38
18/10/2024,Revolut,â˜•ï¸ Coffee,,,2,Exp.,,2,EUR,2
18/10/2024,Revolut,ğŸš¬ Smoke,,,5.15,Exp.,,5.15,EUR,5.15
17/10/2024,Sourov,Revolut,,,2.49,Transfer-In,,2.49,EUR,2.49
17/10/2024,Revolut,Sourov,,,2.49,Transfer-Out,,2.49,EUR,2.49
16/10/2024,Golam Rabbi,Revolut,,,2.47,Transfer-In,,2.47,EUR,2.47
16/10/2024,Revolut,Golam Rabbi,,,2.47,Transfer-Out,,2.47,EUR,2.47
16/10/2024,Sourov,Revolut,,,4.21,Transfer-In,,4.21,EUR,4.21
16/10/2024,Revolut,Sourov,,,4.21,Transfer-Out,,4.21,EUR,4.21
16/10/2024,Golam Rabbi,Revolut,,,4.2,Transfer-In,,4.2,EUR,4.2
16/10/2024,Revolut,Golam Rabbi,,,4.2,Transfer-Out,,4.2,EUR,4.2
16/10/2024,Revolut,ğŸ›’ Grocery ,,,4.2,Exp.,,4.2,EUR,4.2
16/10/2024,Revolut,ğŸš– Transport,,,5.27,Exp.,,5.27,EUR,5.27
16/10/2024,Sourov,Revolut,,,5.27,Transfer-In,,5.27,EUR,5.27
16/10/2024,Revolut,Sourov,,,5.27,Transfer-Out,,5.27,EUR,5.27
16/10/2024,Golam Rabbi,Revolut,,,10,Transfer-In,,10,EUR,10
16/10/2024,Revolut,Golam Rabbi,,,10,Transfer-Out,,10,EUR,10
15/10/2024,Sourov,Revolut,,,10,Transfer-In,,10,EUR,10
15/10/2024,Revolut,Sourov,,,10,Transfer-Out,,10,EUR,10
15/10/2024,Revolut,ğŸ“¦ Delivery,,Bolt Bag,4.99,Exp.,,4.99,EUR,4.99
15/10/2024,Revolut,ğŸš¬ Smoke,,,5.15,Exp.,,5.15,EUR,5.15
15/10/2024,Sourov,Revolut,,,21.1,Transfer-In,Gas and Oil,21.1,EUR,21.1
15/10/2024,Revolut,Sourov,,,21.1,Transfer-Out,Gas and Oil,21.1,EUR,21.1
14/10/2024,Golam Rabbi,Revolut,,,16.5,Transfer-In,,16.5,EUR,16.5
14/10/2024,Revolut,Golam Rabbi,,,16.5,Transfer-Out,,16.5,EUR,16.5
14/10/2024,Sourov,Revolut,,,16.5,Transfer-In,,16.5,EUR,16.5
14/10/2024,Revolut,Sourov,,,16.5,Transfer-Out,,16.5,EUR,16.5
14/10/2024,Revolut,ğŸ›’ Grocery ,,Grocery,13.2,Exp.,,13.2,EUR,13.2
14/10/2024,Sourov,Revolut,,,6.48,Transfer-In,,6.48,EUR,6.48
14/10/2024,Revolut,Sourov,,,6.48,Transfer-Out,,6.48,EUR,6.48
14/10/2024,Revolut,ğŸ›’ Grocery ,,Grocery,6.48,Exp.,,6.48,EUR,6.48
14/10/2024,Revolut,ğŸš¬ Smoke,,,5.15,Exp.,,5.15,EUR,5.15
14/10/2024,Revolut,Golam Rabbi,,,2.05,Transfer-In,,2.05,EUR,2.05
14/10/2024,Golam Rabbi,Revolut,,,2.05,Transfer-Out,,2.05,EUR,2.05
13/10/2024,Revolut,Golam Rabbi,,Grocery,2.05,Transfer-Out,,2.05,EUR,2.05
13/10/2024,Revolut,Sourov,,Grocery,2.05,Transfer-Out,,2.05,EUR,2.05
13/10/2024,Revolut,ğŸ›’ Grocery ,,Grocery,2.05,Exp.,,2.05,EUR,2.05
13/10/2024,Golam Rabbi,Revolut,,Grocery,2.05,Transfer-In,,2.05,EUR,2.05
13/10/2024,Sourov,Revolut,,Grocery,2.05,Transfer-In,,2.05,EUR,2.05
13/10/2024,Revolut,ğŸš¬ Smoke,,,5.15,Exp.,,5.15,EUR,5.15
12/10/2024,Revolut,ğŸ­Treats,,Chaos,6,Exp.,,6,EUR,6
12/10/2024,Revolut,â¤ï¸ Muse,,Coffee,4.78,Exp.,,4.78,EUR,4.78
12/10/2024,Revolut,â¤ï¸ Muse,,,3,Exp.,MacD,3,EUR,3
12/10/2024,Revolut,â¤ï¸ Muse,,,18.05,Exp.,Friday Night,18.05,EUR,18.05
12/10/2024,Revolut,ğŸ¹ Party and Beer,,Chaos,9,Exp.,,9,EUR,9
12/10/2024,Revolut,ğŸš– Transport,,Public Transportation,5.8,Exp.,,5.8,EUR,5.8
11/10/2024,Revolut,Other,,Lost,79.91,Income,,79.91,EUR,79.91
11/10/2024,Revolut,ğŸš¬ Smoke,,,6.94,Exp.,Coke smoke viada,6.94,EUR,6.94
11/10/2024,Revolut,â¤ï¸ Muse,,,23,Exp.,Jammi,23,EUR,23
11/10/2024,Revolut,ğŸš– Transport,,Bolt,1.31,Exp.,,1.31,EUR,1.31
11/10/2024,Wise,Other,,Lost,16.4,Exp.,,16.4,EUR,16.4
11/10/2024,Cash,Revolut,,Balancing,56.95,Transfer-In,,56.95,EUR,56.95
11/10/2024,Revolut,Cash,,Balancing,56.95,Transfer-Out,,56.95,EUR,56.95
11/10/2024,Revolut,ğŸš¬ Smoke,,,5.15,Exp.,,5.15,EUR,5.15
11/10/2024,Revolut,ğŸš– Transport,,Bolt,1.31,Exp.,,1.31,EUR,1.31
10/10/2024,Ethos 24,Revolut,,EU Dorm,21.41,Transfer-In,,21.41,EUR,21.41
10/10/2024,Revolut,Ethos 24,,EU Dorm,21.41,Transfer-Out,,21.41,EUR,21.41
10/10/2024,Revolut,ğŸš² Cycle Project,,Cycel September,50,Income,Azmain September,50,EUR,50
10/10/2024,Revolut,ğŸš¬ Smoke,,,5.15,Exp.,,5.15,EUR,5.15
10/10/2024,Sourov,Revolut,,Circle K Gas,9.14,Transfer-In,,9.14,EUR,9.14
10/10/2024,Revolut,Sourov,,Circle K Gas,9.14,Transfer-Out,,9.14,EUR,9.14
09/10/2024,Revolut,ğŸš¬ Smoke,,,5.15,Exp.,,5.15,EUR,5.15
09/10/2024,Revolut,ğŸ›’ Grocery ,,Grocery,9.67,Exp.,,9.67,EUR,9.67
09/10/2024,Sourov,Revolut,,Grocery,9.67,Transfer-In,,9.67,EUR,9.67
09/10/2024,Revolut,Sourov,,Grocery,9.67,Transfer-Out,,9.67,EUR,9.67
08/10/2024,Revolut,Freelancing,,Andrii,10.06,Income,,10.06,EUR,10.06
07/10/2024,Revolut,Subscription ,,Apple Storage,2.99,Exp.,,2.99,EUR,2.99
07/10/2024,Revolut,ğŸš¬ Smoke,,,5.15,Exp.,Circle K,5.15,EUR,5.15
07/10/2024,Revolut,ğŸ“² Phone Bill,,Mobile Bill,1.49,Exp.,,1.49,EUR,1.49
06/10/2024,Revolut,ğŸ›’ Grocery ,,Grocery,10.64,Exp.,,10.64,EUR,10.64
06/10/2024,Revolut,ğŸš¬ Smoke,,,5.15,Exp.,,5.15,EUR,5.15
06/10/2024,Revolut,ğŸ¹ Party and Beer,,Weekend,6,Exp.,,6,EUR,6
06/10/2024,Revolut,ğŸ¿ Food/Snacks,,Weekend,13.7,Exp.,,13.7,EUR,13.7
06/10/2024,Revolut,ğŸ¹ Party and Beer,,Plus plus plus,4.5,Exp.,,4.5,EUR,4.5
06/10/2024,Revolut,ğŸ¹ Party and Beer,,Plus plus plus,4.9,Exp.,,4.9,EUR,4.9
05/10/2024,Revolut,ğŸ›’ Grocery ,,Grocery,3.17,Exp.,,3.17,EUR,3.17
04/10/2024,Revolut,ğŸª‘ Household,,New House,21.77,Exp.,,21.77,EUR,21.77
04/10/2024,Ethos 24,Revolut,,EU Dorm,51.08,Transfer-In,,51.08,EUR,51.08
04/10/2024,Revolut,Ethos 24,,EU Dorm,51.08,Transfer-Out,,51.08,EUR,51.08
04/10/2024,Sourov,Revolut,,Sourov Car,4.58,Transfer-In,,4.58,EUR,4.58
04/10/2024,Revolut,Sourov,,Sourov Car,4.58,Transfer-Out,,4.58,EUR,4.58
04/10/2024,Revolut,ğŸš– Transport,,Sourov Car,4.58,Exp.,,4.58,EUR,4.58
04/10/2024,Revolut,ğŸ­Treats,,Afreen,0.4,Exp.,,0.4,EUR,0.4
04/10/2024,Revolut,ğŸš¬ Smoke,,,6.54,Exp.,,6.54,EUR,6.54
03/10/2024,Revolut,â˜•ï¸ Coffee,,,1.5,Exp.,,1.5,EUR,1.5
03/10/2024,Revolut,ğŸ­Treats,,Roberta Coffee,3,Exp.,,3,EUR,3
03/10/2024,Revolut,ğŸš¬ Smoke,,,5.15,Exp.,,5.15,EUR,5.15
03/10/2024,Revolut,ğŸ›’ Grocery ,,Grocery,4.23,Exp.,,4.23,EUR,4.23
03/10/2024,Revolut,ğŸ¿ Food/Snacks,,KFC,8.42,Exp.,,8.42,EUR,8.42
03/10/2024,Revolut,ğŸ›’ Grocery ,,Grocery,2.67,Exp.,,2.67,EUR,2.67
02/10/2024,Revolut,ğŸ’µ Petty cash,,Payoneer,0.26,Income,,0.26,EUR,0.26
02/10/2024,Revolut,ğŸ­Treats,,Jammi,5.6,Exp.,Rahat Mashrur,5.6,EUR,5.6
01/10/2024,Revolut,ğŸª‘ Household,,Rent October,150,Exp.,,150,EUR,150
01/10/2024,Revolut,ğŸš– Transport,,,8.4,Exp.,Bolt comeback,8.4,EUR,8.4
30/09/2024,Revolut,ğŸš¬ Smoke,,,5.15,Exp.,,5.15,EUR,5.15
29/09/2024,Revolut,â˜•ï¸ Coffee,,,1.6,Exp.,,1.6,EUR,1.6
29/09/2024,Revolut,ğŸ›’ Grocery ,,,16.43,Exp.,,16.43,EUR,16.43
29/09/2024,Revolut,â˜•ï¸ Coffee,,,1.5,Exp.,,1.5,EUR,1.5
28/09/2024,Revolut,ğŸ›’ Grocery ,,,6.21,Exp.,,6.21,EUR,6.21
28/09/2024,Revolut,ğŸ¿ Food/Snacks,,Coke,0.95,Exp.,,0.95,EUR,0.95
27/09/2024,Revolut,ğŸ¿ Food/Snacks,,,2.99,Exp.,IDK,2.99,EUR,2.99
27/09/2024,Revolut,ğŸ¹ Party and Beer,,,14.5,Exp.,,14.5,EUR,14.5
26/09/2024,Revolut,Ethos 24,,,10.08,Exp.,,10.08,EUR,10.08
26/09/2024,Revolut,Ethos 24,,,15,Income,,15,EUR,15
25/09/2024,Revolut,Cash,,,720,Transfer-In,,720,EUR,720
25/09/2024,Cash,Revolut,,,720,Transfer-Out,,720,EUR,720
25/09/2024,Revolut,ğŸ›’ Grocery ,,Grocery,3.33,Exp.,,3.33,EUR,3.33
25/09/2024,Revolut,ğŸ›’ Grocery ,,Grocery,1.23,Exp.,,1.23,EUR,1.23
25/09/2024,Revolut,ğŸ¿ Food/Snacks,,,3.7,Exp.,Library Sitting,3.7,EUR,3.7
25/09/2024,Revolut,â˜•ï¸ Coffee,,,1.49,Exp.,,1.49,EUR,1.49
25/09/2024,Revolut,ğŸ¹ Party and Beer,,Darts Billiards,3.9,Exp.,,3.9,EUR,3.9
25/09/2024,Revolut,ğŸš– Transport,,Parking,1,Exp.,,1,EUR,1
24/09/2024,Revolut,Ethos 24,,,12.33,Exp.,,12.33,EUR,12.33
24/09/2024,Revolut,Ethos 24,,,15,Income,,15,EUR,15
24/09/2024,Revolut,Ethos 24,,,0.69,Exp.,,0.69,EUR,0.69
24/09/2024,Revolut,ğŸ“™ Education,,LSIC,14,Exp.,,14,EUR,14
24/09/2024,Revolut,ğŸ¿ Food/Snacks,,Seven Fridays,13.9,Exp.,,13.9,EUR,13.9
22/09/2024,Revolut,â˜•ï¸ Coffee,,,1.5,Exp.,,1.5,EUR,1.5
22/09/2024,Revolut,ğŸš– Transport,,Bolt,3,Exp.,,3,EUR,3
21/09/2024,Revolut,ğŸš– Transport,,Bolt,1.98,Exp.,,1.98,EUR,1.98
21/09/2024,Revolut,ğŸ¿ Food/Snacks,,,8.5,Exp.,,8.5,EUR,8.5
20/09/2024,Revolut,â˜•ï¸ Coffee,,,1.49,Exp.,,1.49,EUR,1.49
19/09/2024,Revolut,ğŸ›’ Grocery ,,Grocery,6.23,Exp.,,6.23,EUR,6.23
17/09/2024,Wise,ğŸ¿ Food/Snacks,,,3.19,Exp.,VUBS Snacks,3.19,EUR,3.19
17/09/2024,Revolut,ğŸ›’ Grocery ,,,20.1,Exp.,Monthly food,20.1,EUR,20.1
17/09/2024,Revolut,Ethos 24,,Kaunas,20.1,Income,,20.1,EUR,20.1
17/09/2024,Revolut,ğŸ’µ Petty cash,,BD and Payo,121.09,Income,BD Cash and Payo,121.09,EUR,121.09
16/09/2024,Wise,ğŸ¿ Food/Snacks,,,3.4,Exp.,,3.4,EUR,3.4
16/09/2024,Cash,ğŸ’¸ My Loan,,,20,Exp.,Ratna and Sama,20,EUR,20
16/09/2024,Wise,Ethos 24,,Kaunas,3.4,Exp.,,3.4,EUR,3.4
16/09/2024,Wise,Ethos 24,,Kaunas,5,Exp.,,5,EUR,5
15/09/2024,Wise,Revolut,,,20,Transfer-In,,20,EUR,20
15/09/2024,Revolut,Wise,,,20,Transfer-Out,,20,EUR,20
15/09/2024,Wise,ğŸ¿ Food/Snacks,,,3.4,Exp.,McD late night,3.4,EUR,3.4
15/09/2024,Wise,ğŸš¬ Smoke,,,5.05,Exp.,,5.05,EUR,5.05
14/09/2024,Revolut,â˜•ï¸ Coffee,,VUBS Coffee,1.49,Exp.,VUBS Coffee,1.49,EUR,1.49
13/09/2024,Revolut,â˜•ï¸ Coffee,,,1.5,Exp.,Street Coffee,1.5,EUR,1.5
13/09/2024,Wise,â˜•ï¸ Coffee,,,1.49,Exp.,VUBS Coffee,1.49,EUR,1.49
13/09/2024,Revolut,ğŸ§¥ Apparel,,,26.98,Exp.,Pant Socks,26.98,EUR,26.98
13/09/2024,Revolut,ğŸ’¸ My Loan,,,50,Income,BD Loan,50,EUR,50
13/09/2024,Cash,ğŸ›’ Grocery ,,,4.36,Exp.,Rice tissue milk,4.36,EUR,4.36
12/09/2024,Cash,ğŸš¬ Smoke,,Vape,7,Exp.,,7,EUR,7
12/09/2024,Revolut,Ethos 24,,Kaunas,3.4,Exp.,,3.4,EUR,3.4
12/09/2024,Revolut,Ethos 24,,Kaunas,3.6,Exp.,,3.6,EUR,3.6
12/09/2024,Revolut,Ethos 24,,Kaunas,2,Exp.,,2,EUR,2
12/09/2024,Revolut,Ethos 24,,Kaunas,5,Exp.,,5,EUR,5
12/09/2024,Revolut,Ethos 24,,Kaunas,15,Income,,15,EUR,15
12/09/2024,Cash,ğŸ¿ Food/Snacks,,Snacks,2.6,Exp.,Outdoor Snacks,2.6,EUR,2.6
12/09/2024,Cash,ğŸ‡±ğŸ‡¹ Life,,Study,13,Exp.,ISIC Card,13,EUR,13
12/09/2024,Revolut,ğŸš– Transport,,Public Transportation,5.8,Exp.,Traffi monthly,5.8,EUR,5.8
11/09/2024,Cash,ğŸ’¸ My Loan,,Loan Return,10,Exp.,Sama return,10,EUR,10
11/09/2024,Cash,ğŸª‘ Household,,Rent September,200,Exp.,,200,EUR,200
11/09/2024,Cash,ğŸª‘ Household,,Advance House,400,Exp.,Advance Dorm,400,EUR,400
11/09/2024,Revolut,ğŸš– Transport,,Bolt,5.5,Exp.,Airport to Dorm,5.5,EUR,5.5
11/09/2024,Cash,ğŸ‡±ğŸ‡¹ Life,,Card,0.99,Exp.,Maxima Card,0.99,EUR,0.99
31/08/2024,Wise,ğŸ’µ Petty cash,,,64.12,Income,,70.2,USD,64.12
31/08/2024,Cash,ğŸ¤‘ Allowance,,Start,1321,Income,Start the journey,1321,EUR,1321
31/08/2024,Revolut,ğŸ’µ Petty cash,,Start,15.68,Income,,15.68,EUR,15.68
31/08/2024,Wise,ğŸ’µ Petty cash,,Start,22.75,Income,,22.75,EUR,22.75